,Data,Estado,Casos
0,24/02/2020,Acre,0.0
1,25/02/2020,Acre,0.0
2,26/02/2020,Acre,0.0
3,27/02/2020,Acre,0.0
4,28/02/2020,Acre,0.0
5,29/02/2020,Acre,0.0
6,01/03/2020,Acre,0.0
7,02/03/2020,Acre,0.0
8,03/03/2020,Acre,0.0
9,04/03/2020,Acre,0.0
10,05/03/2020,Acre,0.0
11,06/03/2020,Acre,0.0
12,07/03/2020,Acre,0.0
13,08/03/2020,Acre,0.0
14,09/03/2020,Acre,0.0
15,10/03/2020,Acre,0.0
16,11/03/2020,Acre,0.0
17,12/03/2020,Acre,0.0
18,13/03/2020,Acre,0.0
19,14/03/2020,Acre,0.0
20,15/03/2020,Acre,0.0
21,16/03/2020,Acre,0.0
22,17/03/2020,Acre,0.0
23,18/03/2020,Acre,0.0
24,19/03/2020,Acre,0.340161122985254
25,20/03/2020,Acre,0.7937092869655927
26,21/03/2020,Acre,1.020483368955762
27,22/03/2020,Acre,1.2472574509459313
28,23/03/2020,Acre,1.2472574509459313
29,24/03/2020,Acre,1.9275796969164394
30,25/03/2020,Acre,2.6079019428869477
31,26/03/2020,Acre,2.721288983882032
32,27/03/2020,Acre,2.834676024877117
33,28/03/2020,Acre,2.834676024877117
34,29/03/2020,Acre,3.8551593938328788
35,30/03/2020,Acre,4.762255721793556
36,31/03/2020,Acre,4.762255721793556
37,01/04/2020,Acre,4.875642762788641
38,02/04/2020,Acre,4.875642762788641
39,03/04/2020,Acre,5.215803885773895
40,04/04/2020,Acre,5.215803885773895
41,05/04/2020,Acre,5.442577967764064
42,06/04/2020,Acre,5.669352049754234
43,07/04/2020,Acre,5.669352049754234
44,08/04/2020,Acre,6.122900213734573
45,09/04/2020,Acre,7.029996541695249
46,10/04/2020,Acre,7.937092869655927
47,11/04/2020,Acre,8.163866951646096
48,12/04/2020,Acre,8.73080215662152
49,13/04/2020,Acre,10.20483368955762
50,14/04/2020,Acre,11.225317058513383
51,15/04/2020,Acre,11.452091140503551
52,16/04/2020,Acre,12.472574509459314
53,17/04/2020,Acre,15.307250534336431
54,18/04/2020,Acre,16.100959821302023
55,19/04/2020,Acre,18.482087682198802
56,20/04/2020,Acre,19.9561192151349
57,21/04/2020,Acre,22.110472994041512
58,22/04/2020,Acre,24.26482677294812
59,23/04/2020,Acre,25.73885830588422
60,24/04/2020,Acre,26.532567592849812
61,24/02/2020,Alagoas,0.0
62,25/02/2020,Alagoas,0.0
63,26/02/2020,Alagoas,0.0
64,27/02/2020,Alagoas,0.0
65,28/02/2020,Alagoas,0.0
66,29/02/2020,Alagoas,0.0
67,01/03/2020,Alagoas,0.0
68,02/03/2020,Alagoas,0.0
69,03/03/2020,Alagoas,0.0
70,04/03/2020,Alagoas,0.0
71,05/03/2020,Alagoas,0.0
72,06/03/2020,Alagoas,0.0
73,07/03/2020,Alagoas,0.0
74,08/03/2020,Alagoas,0.0299638306600103
75,09/03/2020,Alagoas,0.0299638306600103
76,10/03/2020,Alagoas,0.0299638306600103
77,11/03/2020,Alagoas,0.0299638306600103
78,12/03/2020,Alagoas,0.0299638306600103
79,13/03/2020,Alagoas,0.0299638306600103
80,14/03/2020,Alagoas,0.0299638306600103
81,15/03/2020,Alagoas,0.0299638306600103
82,16/03/2020,Alagoas,0.0299638306600103
83,17/03/2020,Alagoas,0.0299638306600103
84,18/03/2020,Alagoas,0.0299638306600103
85,19/03/2020,Alagoas,0.1198553226400412
86,20/03/2020,Alagoas,0.1498191533000515
87,21/03/2020,Alagoas,0.2097468146200721
88,22/03/2020,Alagoas,0.2097468146200721
89,23/03/2020,Alagoas,0.2097468146200721
90,24/03/2020,Alagoas,0.2696744759400927
91,25/03/2020,Alagoas,0.32960213726011334
92,26/03/2020,Alagoas,0.32960213726011334
93,27/03/2020,Alagoas,0.32960213726011334
94,28/03/2020,Alagoas,0.4194936292401442
95,29/03/2020,Alagoas,0.5093851212201751
96,30/03/2020,Alagoas,0.5093851212201751
97,31/03/2020,Alagoas,0.5393489518801854
98,01/04/2020,Alagoas,0.5393489518801854
99,02/04/2020,Alagoas,0.5393489518801854
100,03/04/2020,Alagoas,0.6592042745202267
101,04/04/2020,Alagoas,0.689168105180237
102,05/04/2020,Alagoas,0.8389872584802884
103,06/04/2020,Alagoas,0.9288787504603193
104,07/04/2020,Alagoas,0.9588425811203296
105,08/04/2020,Alagoas,1.108661734420381
106,09/04/2020,Alagoas,1.108661734420381
107,10/04/2020,Alagoas,1.3483723797004636
108,11/04/2020,Alagoas,1.4382638716804945
109,12/04/2020,Alagoas,1.4382638716804945
110,13/04/2020,Alagoas,1.498191533000515
111,14/04/2020,Alagoas,2.1573958075207416
112,15/04/2020,Alagoas,2.457034114120845
113,16/04/2020,Alagoas,2.6667809287409168
114,17/04/2020,Alagoas,3.296021372601133
115,18/04/2020,Alagoas,3.9552256471213596
116,19/04/2020,Alagoas,4.764249074941638
117,20/04/2020,Alagoas,5.123815042861762
118,21/04/2020,Alagoas,6.292404438602163
119,22/04/2020,Alagoas,7.281210850382504
120,23/04/2020,Alagoas,9.708281133843338
121,24/04/2020,Alagoas,12.375062062584254
122,24/02/2020,Amazonas,0.0
123,25/02/2020,Amazonas,0.0
124,26/02/2020,Amazonas,0.0
125,27/02/2020,Amazonas,0.0
126,28/02/2020,Amazonas,0.0
127,29/02/2020,Amazonas,0.0
128,01/03/2020,Amazonas,0.0
129,02/03/2020,Amazonas,0.0
130,03/03/2020,Amazonas,0.0
131,04/03/2020,Amazonas,0.0
132,05/03/2020,Amazonas,0.0
133,06/03/2020,Amazonas,0.0
134,07/03/2020,Amazonas,0.0
135,08/03/2020,Amazonas,0.0
136,09/03/2020,Amazonas,0.0
137,10/03/2020,Amazonas,0.0
138,11/03/2020,Amazonas,0.0
139,12/03/2020,Amazonas,0.0
140,13/03/2020,Amazonas,0.0
141,14/03/2020,Amazonas,0.0
142,15/03/2020,Amazonas,0.02412779819123548
143,16/03/2020,Amazonas,0.02412779819123548
144,17/03/2020,Amazonas,0.02412779819123548
145,18/03/2020,Amazonas,0.02412779819123548
146,19/03/2020,Amazonas,0.07238339457370645
147,20/03/2020,Amazonas,0.07238339457370645
148,21/03/2020,Amazonas,0.2654057801035903
149,22/03/2020,Amazonas,0.6273227529721225
150,23/03/2020,Amazonas,0.7720895421195354
151,24/03/2020,Amazonas,1.1340065149880676
152,25/03/2020,Amazonas,1.3029011023267159
153,26/03/2020,Amazonas,1.6165624788127773
154,27/03/2020,Amazonas,1.954351653490074
155,28/03/2020,Amazonas,2.678185599227138
156,29/03/2020,Amazonas,3.3778917467729674
157,30/03/2020,Amazonas,3.6432975268765575
158,31/03/2020,Amazonas,4.222364683466209
159,01/04/2020,Amazonas,4.825559638247096
160,02/04/2020,Amazonas,5.525265785792925
161,03/04/2020,Amazonas,6.273227529721225
162,04/04/2020,Amazonas,7.503745237474234
163,05/04/2020,Amazonas,10.061291845745195
164,06/04/2020,Amazonas,12.835988637737275
165,07/04/2020,Amazonas,15.345279649625766
166,08/04/2020,Amazonas,19.398749745753328
167,09/04/2020,Amazonas,21.690890573920697
168,10/04/2020,Amazonas,23.669370025602007
169,11/04/2020,Amazonas,25.334188100797256
170,12/04/2020,Amazonas,29.09812461862999
171,13/04/2020,Amazonas,30.762942693825238
172,14/04/2020,Amazonas,35.805652515793454
173,15/04/2020,Amazonas,37.494598389179934
174,16/04/2020,Amazonas,41.47568509073379
175,17/04/2020,Amazonas,43.647186927944986
176,18/04/2020,Amazonas,45.77043316877371
177,19/04/2020,Amazonas,49.31721950288532
178,20/04/2020,Amazonas,52.11604409306864
179,21/04/2020,Amazonas,54.77010189410454
180,22/04/2020,Amazonas,59.81281171607276
181,23/04/2020,Amazonas,69.68108117628807
182,24/04/2020,Amazonas,77.06418742280613
183,24/02/2020,Amapá,0.0
184,25/02/2020,Amapá,0.0
185,26/02/2020,Amapá,0.0
186,27/02/2020,Amapá,0.0
187,28/02/2020,Amapá,0.0
188,29/02/2020,Amapá,0.0
189,01/03/2020,Amapá,0.0
190,02/03/2020,Amapá,0.0
191,03/03/2020,Amapá,0.0
192,04/03/2020,Amapá,0.0
193,05/03/2020,Amapá,0.0
194,06/03/2020,Amapá,0.0
195,07/03/2020,Amapá,0.0
196,08/03/2020,Amapá,0.0
197,09/03/2020,Amapá,0.0
198,10/03/2020,Amapá,0.0
199,11/03/2020,Amapá,0.0
200,12/03/2020,Amapá,0.0
201,13/03/2020,Amapá,0.0
202,14/03/2020,Amapá,0.0
203,15/03/2020,Amapá,0.0
204,16/03/2020,Amapá,0.0
205,17/03/2020,Amapá,0.0
206,18/03/2020,Amapá,0.0
207,19/03/2020,Amapá,0.0
208,20/03/2020,Amapá,0.118240906387492
209,21/03/2020,Amapá,0.118240906387492
210,22/03/2020,Amapá,0.118240906387492
211,23/03/2020,Amapá,0.118240906387492
212,24/03/2020,Amapá,0.118240906387492
213,25/03/2020,Amapá,0.118240906387492
214,26/03/2020,Amapá,0.236481812774984
215,27/03/2020,Amapá,0.236481812774984
216,28/03/2020,Amapá,0.472963625549968
217,29/03/2020,Amapá,0.472963625549968
218,30/03/2020,Amapá,0.945927251099936
219,31/03/2020,Amapá,1.18240906387492
220,01/04/2020,Amapá,1.3006499702624121
221,02/04/2020,Amapá,1.3006499702624121
222,03/04/2020,Amapá,2.2465772213623483
223,04/04/2020,Amapá,3.3107453788497763
224,05/04/2020,Amapá,3.428986285237268
225,06/04/2020,Amapá,4.020190817174728
226,07/04/2020,Amapá,5.675563506599616
227,08/04/2020,Amapá,12.651776983461644
228,09/04/2020,Amapá,15.134836017598976
229,10/04/2020,Amapá,19.627990460323673
230,11/04/2020,Amapá,22.820494932785955
231,12/04/2020,Amapá,27.195408469123162
232,13/04/2020,Amapá,28.614299345773066
233,14/04/2020,Amapá,36.29995826096005
234,15/04/2020,Amapá,39.49246273342233
235,16/04/2020,Amapá,42.8032081122721
236,17/04/2020,Amapá,43.74913536337204
237,18/04/2020,Amapá,46.46867621028436
238,19/04/2020,Amapá,49.188217057196674
239,20/04/2020,Amapá,51.198312465784035
240,21/04/2020,Amapá,54.03609421908384
241,22/04/2020,Amapá,56.63739415960867
242,23/04/2020,Amapá,64.79601670034562
243,24/04/2020,Amapá,74.84649374328244
244,24/02/2020,Bahia,0.0
245,25/02/2020,Bahia,0.0
246,26/02/2020,Bahia,0.0
247,27/02/2020,Bahia,0.0
248,28/02/2020,Bahia,0.0
249,29/02/2020,Bahia,0.0
250,01/03/2020,Bahia,0.0
251,02/03/2020,Bahia,0.0
252,03/03/2020,Bahia,0.0
253,04/03/2020,Bahia,0.0
254,05/03/2020,Bahia,0.0
255,06/03/2020,Bahia,0.0067235641559802335
256,07/03/2020,Bahia,0.013447128311960467
257,08/03/2020,Bahia,0.013447128311960467
258,09/03/2020,Bahia,0.013447128311960467
259,10/03/2020,Bahia,0.013447128311960467
260,11/03/2020,Bahia,0.013447128311960467
261,12/03/2020,Bahia,0.013447128311960467
262,13/03/2020,Bahia,0.013447128311960467
263,14/03/2020,Bahia,0.013447128311960467
264,15/03/2020,Bahia,0.013447128311960467
265,16/03/2020,Bahia,0.013447128311960467
266,17/03/2020,Bahia,0.0201706924679407
267,18/03/2020,Bahia,0.0201706924679407
268,19/03/2020,Bahia,0.201706924679407
269,20/03/2020,Bahia,0.22187761714734772
270,21/03/2020,Bahia,0.2756661303951896
271,22/03/2020,Bahia,0.32945464364303145
272,23/03/2020,Bahia,0.42358454182675476
273,24/03/2020,Bahia,0.5109908758544978
274,25/03/2020,Bahia,0.5647793891023396
275,26/03/2020,Bahia,0.6992506722219444
276,27/03/2020,Bahia,0.7732098779377269
277,28/03/2020,Bahia,0.8538926478094897
278,29/03/2020,Bahia,1.035428880020956
279,30/03/2020,Bahia,1.1833472914525212
280,31/03/2020,Bahia,1.43211916522379
281,01/04/2020,Bahia,1.6539967823711375
282,02/04/2020,Bahia,1.7951916296467225
283,03/04/2020,Bahia,1.896045091986426
284,04/04/2020,Bahia,2.2322232997854377
285,05/04/2020,Bahia,2.6961492265480738
286,06/04/2020,Bahia,2.8978561512274807
287,07/04/2020,Bahia,3.065945255126987
288,08/04/2020,Bahia,3.3416113855221763
289,09/04/2020,Bahia,3.7584723631929506
290,10/04/2020,Bahia,4.061032750212061
291,11/04/2020,Bahia,4.2694632390474485
292,12/04/2020,Bahia,4.5249586769746974
293,13/04/2020,Bahia,4.861136884773709
294,14/04/2020,Bahia,5.103185194388997
295,15/04/2020,Bahia,5.425916273876049
296,16/04/2020,Bahia,6.394109512337202
297,17/04/2020,Bahia,7.120254441183068
298,18/04/2020,Bahia,8.02121203808442
299,19/04/2020,Bahia,8.269983911855688
300,20/04/2020,Bahia,9.016299533169494
301,21/04/2020,Bahia,10.011387028254568
302,22/04/2020,Bahia,11.053539472431504
303,23/04/2020,Bahia,12.028456275048638
304,24/04/2020,Bahia,13.19163287403322
305,24/02/2020,Ceará,0.0
306,25/02/2020,Ceará,0.0
307,26/02/2020,Ceará,0.0
308,27/02/2020,Ceará,0.0
309,28/02/2020,Ceará,0.0
310,29/02/2020,Ceará,0.0
311,01/03/2020,Ceará,0.0
312,02/03/2020,Ceará,0.0
313,03/03/2020,Ceará,0.0
314,04/03/2020,Ceará,0.0
315,05/03/2020,Ceará,0.0
316,06/03/2020,Ceará,0.0
317,07/03/2020,Ceará,0.0
318,08/03/2020,Ceará,0.0
319,09/03/2020,Ceará,0.0
320,10/03/2020,Ceará,0.0
321,11/03/2020,Ceará,0.0
322,12/03/2020,Ceará,0.0
323,13/03/2020,Ceará,0.0
324,14/03/2020,Ceará,0.0
325,15/03/2020,Ceará,0.0
326,16/03/2020,Ceará,0.0
327,17/03/2020,Ceará,0.0547520509570768
328,18/03/2020,Ceará,0.09855369172273824
329,19/03/2020,Ceará,0.2190082038283072
330,20/03/2020,Ceará,0.6022725605278448
331,21/03/2020,Ceará,0.7446278930162445
332,22/03/2020,Ceará,1.2264459414385203
333,23/03/2020,Ceará,1.7849168612007038
334,24/03/2020,Ceará,1.9929746548375955
335,25/03/2020,Ceará,2.190082038283072
336,26/03/2020,Ceará,2.5733463949826096
337,27/03/2020,Ceará,3.0880156739791316
338,28/03/2020,Ceará,3.438428800104423
339,29/03/2020,Ceará,3.8107427466125454
340,30/03/2020,Ceará,4.073552591206514
341,31/03/2020,Ceará,4.27065997465199
342,01/04/2020,Ceará,4.86198212498842
343,02/04/2020,Ceará,6.022725605278448
344,03/04/2020,Ceará,6.865907190017431
345,04/04/2020,Ceará,7.993799439733213
346,05/04/2020,Ceará,9.012187587534841
347,06/04/2020,Ceará,11.09276552390376
348,07/04/2020,Ceará,11.508881111177544
349,08/04/2020,Ceará,14.13697955711723
350,09/04/2020,Ceará,15.604334522766889
351,10/04/2020,Ceará,16.184706262911902
352,11/04/2020,Ceará,17.3235489228191
353,12/04/2020,Ceará,18.352887480812143
354,13/04/2020,Ceará,19.71073834454765
355,14/04/2020,Ceará,21.955572433787797
356,15/04/2020,Ceará,23.620034782882932
357,16/04/2020,Ceará,26.12767871671705
358,17/04/2020,Ceará,29.390900953758827
359,18/04/2020,Ceará,33.2235445207542
360,19/04/2020,Ceará,35.61073394248275
361,20/04/2020,Ceará,38.12932828650828
362,21/04/2020,Ceará,40.69172427129948
363,22/04/2020,Ceará,42.81610384843406
364,23/04/2020,Ceará,50.349986060127826
365,24/04/2020,Ceará,52.56196891879373
366,24/02/2020,DF,0.0
367,25/02/2020,DF,0.0
368,26/02/2020,DF,0.0
369,27/02/2020,DF,0.0
370,28/02/2020,DF,0.0
371,29/02/2020,DF,0.0
372,01/03/2020,DF,0.0
373,02/03/2020,DF,0.0
374,03/03/2020,DF,0.0
375,04/03/2020,DF,0.0
376,05/03/2020,DF,0.0
377,06/03/2020,DF,0.0
378,07/03/2020,DF,0.0331645478942502
379,08/03/2020,DF,0.0331645478942502
380,09/03/2020,DF,0.0331645478942502
381,10/03/2020,DF,0.0331645478942502
382,11/03/2020,DF,0.0663290957885004
383,12/03/2020,DF,0.0663290957885004
384,13/03/2020,DF,0.0663290957885004
385,14/03/2020,DF,0.19898728736550117
386,15/03/2020,DF,0.2653163831540016
387,16/03/2020,DF,0.43113912262525256
388,17/03/2020,DF,0.7296200536735044
389,18/03/2020,DF,0.8622782452505051
390,19/03/2020,DF,1.3929110115585082
391,20/03/2020,DF,2.8853156667997673
392,21/03/2020,DF,3.31645478942502
393,22/03/2020,DF,3.880252103627273
394,23/03/2020,DF,4.410884869935276
395,24/03/2020,DF,5.306327663080031
396,25/03/2020,DF,5.306327663080031
397,26/03/2020,DF,6.63290957885004
398,27/03/2020,DF,7.627846015677545
399,28/03/2020,DF,8.622782452505051
400,29/03/2020,DF,9.584554341438306
401,30/03/2020,DF,10.347338943006061
402,31/03/2020,DF,11.010629900891065
403,01/04/2020,DF,11.77341450245882
404,02/04/2020,DF,12.270882720872573
405,03/04/2020,DF,13.33214825348858
406,04/04/2020,DF,15.05670474398959
407,05/04/2020,DF,15.521008414509092
408,06/04/2020,DF,15.686831153980343
409,07/04/2020,DF,16.316957563971098
410,08/04/2020,DF,16.88075487817335
411,09/04/2020,DF,17.47771674026985
412,10/04/2020,DF,18.40632408130886
413,11/04/2020,DF,19.202273230770864
414,12/04/2020,DF,20.36303240706962
415,13/04/2020,DF,21.158981556531625
416,14/04/2020,DF,21.59012067915688
417,15/04/2020,DF,22.618221663878632
418,16/04/2020,DF,23.74581629228314
419,17/04/2020,DF,24.740752729110646
420,18/04/2020,DF,25.27138549541865
421,19/04/2020,DF,27.42708110854491
422,20/04/2020,DF,28.91948576378617
423,21/04/2020,DF,29.217966694834423
424,22/04/2020,DF,31.373662307960686
425,23/04/2020,DF,31.93745962216294
426,24/04/2020,DF,32.79973786741344
427,24/02/2020,Espírito Santo,0.0
428,25/02/2020,Espírito Santo,0.0
429,26/02/2020,Espírito Santo,0.0
430,27/02/2020,Espírito Santo,0.0
431,28/02/2020,Espírito Santo,0.0
432,29/02/2020,Espírito Santo,0.0
433,01/03/2020,Espírito Santo,0.0
434,02/03/2020,Espírito Santo,0.0
435,03/03/2020,Espírito Santo,0.0
436,04/03/2020,Espírito Santo,0.0
437,05/03/2020,Espírito Santo,0.0
438,06/03/2020,Espírito Santo,0.024883978450474662
439,07/03/2020,Espírito Santo,0.024883978450474662
440,08/03/2020,Espírito Santo,0.024883978450474662
441,09/03/2020,Espírito Santo,0.024883978450474662
442,10/03/2020,Espírito Santo,0.024883978450474662
443,11/03/2020,Espírito Santo,0.024883978450474662
444,12/03/2020,Espírito Santo,0.024883978450474662
445,13/03/2020,Espírito Santo,0.024883978450474662
446,14/03/2020,Espírito Santo,0.024883978450474662
447,15/03/2020,Espírito Santo,0.024883978450474662
448,16/03/2020,Espírito Santo,0.024883978450474662
449,17/03/2020,Espírito Santo,0.024883978450474662
450,18/03/2020,Espírito Santo,0.22395580605427196
451,19/03/2020,Espírito Santo,0.2737237629552213
452,20/03/2020,Espírito Santo,0.3234917198561706
453,21/03/2020,Espírito Santo,0.6469834397123412
454,22/03/2020,Espírito Santo,0.6469834397123412
455,23/03/2020,Espírito Santo,0.7216353750637652
456,24/03/2020,Espírito Santo,0.8211712888656638
457,25/03/2020,Espírito Santo,0.9704751595685118
458,26/03/2020,Espírito Santo,0.9704751595685118
459,27/03/2020,Espírito Santo,1.1695469871723092
460,28/03/2020,Espírito Santo,1.318850857875157
461,29/03/2020,Espírito Santo,1.4930387070284796
462,30/03/2020,Espírito Santo,1.7916464484341756
463,31/03/2020,Espírito Santo,2.0902541898398717
464,01/04/2020,Espírito Santo,2.3888619312455677
465,02/04/2020,Espírito Santo,2.9860774140569593
466,03/04/2020,Espírito Santo,3.458873004615978
467,04/04/2020,Espírito Santo,3.807248702922623
468,05/04/2020,Espírito Santo,4.130740422778794
469,06/04/2020,Espírito Santo,4.827491819392084
470,07/04/2020,Espírito Santo,5.200751496149205
471,08/04/2020,Espírito Santo,5.6486631082577485
472,09/04/2020,Espírito Santo,6.793326116979583
473,10/04/2020,Espírito Santo,7.465193535142398
474,11/04/2020,Espírito Santo,8.684508479215657
475,12/04/2020,Espírito Santo,9.530563746531795
476,13/04/2020,Espírito Santo,10.700110733704104
477,14/04/2020,Espírito Santo,11.521282022569768
478,15/04/2020,Espírito Santo,13.860375996914387
479,16/04/2020,Espírito Santo,18.762519751657894
480,17/04/2020,Espírito Santo,21.30068555360631
481,18/04/2020,Espírito Santo,23.68954748485188
482,19/04/2020,Espírito Santo,27.347492317071655
483,20/04/2020,Espírito Santo,29.064486830154404
484,21/04/2020,Espírito Santo,30.15938188197529
485,22/04/2020,Espírito Santo,32.672663705473234
486,23/04/2020,Espírito Santo,33.91686262799696
487,24/04/2020,Espírito Santo,34.36477424010551
488,24/02/2020,Goiás,0.0
489,25/02/2020,Goiás,0.0
490,26/02/2020,Goiás,0.0
491,27/02/2020,Goiás,0.0
492,28/02/2020,Goiás,0.0
493,29/02/2020,Goiás,0.0
494,01/03/2020,Goiás,0.0
495,02/03/2020,Goiás,0.0
496,03/03/2020,Goiás,0.0
497,04/03/2020,Goiás,0.0
498,05/03/2020,Goiás,0.0
499,06/03/2020,Goiás,0.0
500,07/03/2020,Goiás,0.0
501,08/03/2020,Goiás,0.0
502,09/03/2020,Goiás,0.0
503,10/03/2020,Goiás,0.0
504,11/03/2020,Goiás,0.0
505,12/03/2020,Goiás,0.0
506,13/03/2020,Goiás,0.04274506529593691
507,14/03/2020,Goiás,0.04274506529593691
508,15/03/2020,Goiás,0.04274506529593691
509,16/03/2020,Goiás,0.04274506529593691
510,17/03/2020,Goiás,0.08549013059187383
511,18/03/2020,Goiás,0.1139868407891651
512,19/03/2020,Goiás,0.17098026118374765
513,20/03/2020,Goiás,0.21372532647968456
514,21/03/2020,Goiás,0.28496710197291275
515,22/03/2020,Goiás,0.2992154570715584
516,23/03/2020,Goiás,0.32771216726884966
517,24/03/2020,Goiás,0.3847055876634322
518,25/03/2020,Goiás,0.4132022978607235
519,26/03/2020,Goiás,0.5556858488471799
520,27/03/2020,Goiás,0.6981693998336362
521,28/03/2020,Goiás,0.7979078855241557
522,29/03/2020,Goiás,0.826404595721447
523,30/03/2020,Goiás,0.8691496610173839
524,31/03/2020,Goiás,0.9261430814119664
525,01/04/2020,Goiás,1.0116332120038403
526,02/04/2020,Goiás,1.0401299222011315
527,03/04/2020,Goiás,1.253855248680816
528,04/04/2020,Goiás,1.4675805751605007
529,05/04/2020,Goiás,1.6385608363442483
530,06/04/2020,Goiás,1.6955542567388309
531,07/04/2020,Goiás,1.8950312281198698
532,08/04/2020,Goiás,2.2512401055860107
533,09/04/2020,Goiás,2.550455562657569
534,10/04/2020,Goiás,2.7214358238413165
535,11/04/2020,Goiás,2.977906215616938
536,12/04/2020,Goiás,3.2628733175898508
537,13/04/2020,Goiás,3.3198667379844333
538,14/04/2020,Goiás,4.046532848015361
539,15/04/2020,Goiás,4.331499949988274
540,16/04/2020,Goiás,4.530976921369312
541,17/04/2020,Goiás,4.773198958046288
542,18/04/2020,Goiás,5.3858782272880505
543,19/04/2020,Goiás,5.599603553767735
544,20/04/2020,Goiás,5.742087104754192
545,21/04/2020,Goiás,5.998557496529813
546,22/04/2020,Goiás,6.240779533206789
547,23/04/2020,Goiás,6.454504859686473
548,24/04/2020,Goiás,6.924700577941779
549,24/02/2020,Maranhão,0.0
550,25/02/2020,Maranhão,0.0
551,26/02/2020,Maranhão,0.0
552,27/02/2020,Maranhão,0.0
553,28/02/2020,Maranhão,0.0
554,29/02/2020,Maranhão,0.0
555,01/03/2020,Maranhão,0.0
556,02/03/2020,Maranhão,0.0
557,03/03/2020,Maranhão,0.0
558,04/03/2020,Maranhão,0.0
559,05/03/2020,Maranhão,0.0
560,06/03/2020,Maranhão,0.0
561,07/03/2020,Maranhão,0.0
562,08/03/2020,Maranhão,0.0
563,09/03/2020,Maranhão,0.0
564,10/03/2020,Maranhão,0.0
565,11/03/2020,Maranhão,0.0
566,12/03/2020,Maranhão,0.0
567,13/03/2020,Maranhão,0.0
568,14/03/2020,Maranhão,0.0
569,15/03/2020,Maranhão,0.0
570,16/03/2020,Maranhão,0.0
571,17/03/2020,Maranhão,0.0
572,18/03/2020,Maranhão,0.0
573,19/03/2020,Maranhão,0.0
574,20/03/2020,Maranhão,0.0
575,21/03/2020,Maranhão,0.014133914029902557
576,22/03/2020,Maranhão,0.028267828059805114
577,23/03/2020,Maranhão,0.028267828059805114
578,24/03/2020,Maranhão,0.11307131223922046
579,25/03/2020,Maranhão,0.11307131223922046
580,26/03/2020,Maranhão,0.14133914029902556
581,27/03/2020,Maranhão,0.18374088238873323
582,28/03/2020,Maranhão,0.19787479641863578
583,29/03/2020,Maranhão,0.2261426244784409
584,30/03/2020,Maranhão,0.3250800226877588
585,31/03/2020,Maranhão,0.4381513349269793
586,01/04/2020,Maranhão,0.7349635295549329
587,02/04/2020,Maranhão,1.0035078961230814
588,03/04/2020,Maranhão,1.144847036422107
589,04/04/2020,Maranhão,1.243784434631425
590,05/04/2020,Maranhão,1.3568557468706455
591,06/04/2020,Maranhão,1.87981056597704
592,07/04/2020,Maranhão,2.4310332131432397
593,08/04/2020,Maranhão,3.250800226877588
594,09/04/2020,Maranhão,3.858558530163398
595,10/04/2020,Maranhão,4.141236810761449
596,11/04/2020,Maranhão,4.8620664262864794
597,12/04/2020,Maranhão,5.6252977839012175
598,13/04/2020,Maranhão,6.289591743306637
599,14/04/2020,Maranhão,6.756010906293422
600,15/04/2020,Maranhão,8.904365838838611
601,16/04/2020,Maranhão,9.823070250782276
602,17/04/2020,Maranhão,11.264729481832337
603,18/04/2020,Maranhão,14.699270591098658
604,19/04/2020,Maranhão,17.031366406032582
605,20/04/2020,Maranhão,18.656766519471375
606,21/04/2020,Maranhão,19.73094398574397
607,22/04/2020,Maranhão,22.6707981039637
608,23/04/2020,Maranhão,24.833286950538792
609,24/04/2020,Maranhão,27.57526627233989
610,24/02/2020,Minas Gerais,0.0
611,25/02/2020,Minas Gerais,0.0
612,26/02/2020,Minas Gerais,0.0
613,27/02/2020,Minas Gerais,0.0
614,28/02/2020,Minas Gerais,0.0
615,29/02/2020,Minas Gerais,0.0
616,01/03/2020,Minas Gerais,0.0
617,02/03/2020,Minas Gerais,0.0
618,03/03/2020,Minas Gerais,0.0
619,04/03/2020,Minas Gerais,0.0
620,05/03/2020,Minas Gerais,0.0
621,06/03/2020,Minas Gerais,0.0
622,07/03/2020,Minas Gerais,0.0
623,08/03/2020,Minas Gerais,0.004723935344252773
624,09/03/2020,Minas Gerais,0.004723935344252773
625,10/03/2020,Minas Gerais,0.004723935344252773
626,11/03/2020,Minas Gerais,0.004723935344252773
627,12/03/2020,Minas Gerais,0.004723935344252773
628,13/03/2020,Minas Gerais,0.009447870688505547
629,14/03/2020,Minas Gerais,0.009447870688505547
630,15/03/2020,Minas Gerais,0.009447870688505547
631,16/03/2020,Minas Gerais,0.023619676721263864
632,17/03/2020,Minas Gerais,0.03306754740976941
633,18/03/2020,Minas Gerais,0.0708590301637916
634,19/03/2020,Minas Gerais,0.1369941249833304
635,20/03/2020,Minas Gerais,0.16533773704884705
636,21/03/2020,Minas Gerais,0.17950954308160538
637,22/03/2020,Minas Gerais,0.3920866335729801
638,23/03/2020,Minas Gerais,0.604663724064355
639,24/03/2020,Minas Gerais,0.6141115947528605
640,25/03/2020,Minas Gerais,0.6282834007856188
641,26/03/2020,Minas Gerais,0.7227621076706743
642,27/03/2020,Minas Gerais,0.892823780063774
643,28/03/2020,Minas Gerais,0.9684067455718184
644,29/03/2020,Minas Gerais,1.0912290645223905
645,30/03/2020,Minas Gerais,1.2329471248499737
646,31/03/2020,Minas Gerais,1.2990822196695124
647,01/04/2020,Minas Gerais,1.4833156980953708
648,02/04/2020,Minas Gerais,1.7478560773735259
649,03/04/2020,Minas Gerais,1.8754023316683508
650,04/04/2020,Minas Gerais,2.031292198028692
651,05/04/2020,Minas Gerais,2.352519801437881
652,06/04/2020,Minas Gerais,2.480066055732706
653,07/04/2020,Minas Gerais,2.6406798574373
654,08/04/2020,Minas Gerais,2.9004963013712026
655,09/04/2020,Minas Gerais,3.094177650485566
656,10/04/2020,Minas Gerais,3.2973068702884354
657,11/04/2020,Minas Gerais,3.5429515081895797
658,12/04/2020,Minas Gerais,3.807491887467735
659,13/04/2020,Minas Gerais,3.85000730556601
660,14/04/2020,Minas Gerais,4.175958844319451
661,15/04/2020,Minas Gerais,4.265713615860254
662,16/04/2020,Minas Gerais,4.525530059794156
663,17/04/2020,Minas Gerais,4.823137986482081
664,18/04/2020,Minas Gerais,5.087678365760237
665,19/04/2020,Minas Gerais,5.4514213872676995
666,20/04/2020,Minas Gerais,5.616759124316547
667,21/04/2020,Minas Gerais,5.81044047343091
668,22/04/2020,Minas Gerais,6.060809046676307
669,23/04/2020,Minas Gerais,6.178907430282627
670,24/04/2020,Minas Gerais,6.703264253494685
671,24/02/2020,Mato Grosso do Sul,0.0
672,25/02/2020,Mato Grosso do Sul,0.0
673,26/02/2020,Mato Grosso do Sul,0.0
674,27/02/2020,Mato Grosso do Sul,0.0
675,28/02/2020,Mato Grosso do Sul,0.0
676,29/02/2020,Mato Grosso do Sul,0.0
677,01/03/2020,Mato Grosso do Sul,0.0
678,02/03/2020,Mato Grosso do Sul,0.0
679,03/03/2020,Mato Grosso do Sul,0.0
680,04/03/2020,Mato Grosso do Sul,0.0
681,05/03/2020,Mato Grosso do Sul,0.0
682,06/03/2020,Mato Grosso do Sul,0.0
683,07/03/2020,Mato Grosso do Sul,0.0
684,08/03/2020,Mato Grosso do Sul,0.0
685,09/03/2020,Mato Grosso do Sul,0.0
686,10/03/2020,Mato Grosso do Sul,0.0
687,11/03/2020,Mato Grosso do Sul,0.0
688,12/03/2020,Mato Grosso do Sul,0.0
689,13/03/2020,Mato Grosso do Sul,0.0
690,14/03/2020,Mato Grosso do Sul,0.0
691,15/03/2020,Mato Grosso do Sul,0.0
692,16/03/2020,Mato Grosso do Sul,0.0719686964957722
693,17/03/2020,Mato Grosso do Sul,0.1439373929915444
694,18/03/2020,Mato Grosso do Sul,0.2518904377352027
695,19/03/2020,Mato Grosso do Sul,0.2518904377352027
696,20/03/2020,Mato Grosso do Sul,0.3238591342309749
697,21/03/2020,Mato Grosso do Sul,0.5757495719661776
698,22/03/2020,Mato Grosso do Sul,0.7556713132056081
699,23/03/2020,Mato Grosso do Sul,0.7556713132056081
700,24/03/2020,Mato Grosso do Sul,0.8276400097013803
701,25/03/2020,Mato Grosso do Sul,0.8636243579492664
702,26/03/2020,Mato Grosso do Sul,0.8996087061971525
703,27/03/2020,Mato Grosso do Sul,1.0075617509408108
704,28/03/2020,Mato Grosso do Sul,1.115514795684469
705,29/03/2020,Mato Grosso do Sul,1.2954365369238996
706,30/03/2020,Mato Grosso do Sul,1.5833113229069884
707,31/03/2020,Mato Grosso do Sul,1.7272487158985328
708,01/04/2020,Mato Grosso do Sul,1.835201760642191
709,02/04/2020,Mato Grosso do Sul,1.9071704571379633
710,03/04/2020,Mato Grosso do Sul,2.159060894873166
711,04/04/2020,Mato Grosso do Sul,2.231029591368938
712,05/04/2020,Mato Grosso do Sul,2.3389826361125965
713,06/04/2020,Mato Grosso do Sul,2.3749669843604826
714,07/04/2020,Mato Grosso do Sul,2.878747859830888
715,08/04/2020,Mato Grosso do Sul,3.0586696010703185
716,09/04/2020,Mato Grosso do Sul,3.202606994061863
717,10/04/2020,Mato Grosso do Sul,3.4904817800449517
718,11/04/2020,Mato Grosso do Sul,3.59843482478861
719,12/04/2020,Mato Grosso do Sul,3.634419173036496
720,13/04/2020,Mato Grosso do Sul,4.066231352011129
721,14/04/2020,Mato Grosso do Sul,4.138200048506901
722,15/04/2020,Mato Grosso do Sul,4.354106137994218
723,16/04/2020,Mato Grosso do Sul,4.713949620473079
724,17/04/2020,Mato Grosso do Sul,5.145761799447712
725,18/04/2020,Mato Grosso do Sul,5.793480067909662
726,19/04/2020,Mato Grosso do Sul,6.045370505644865
727,20/04/2020,Mato Grosso do Sul,6.153323550388523
728,21/04/2020,Mato Grosso do Sul,6.225292246884295
729,22/04/2020,Mato Grosso do Sul,6.297260943380067
730,23/04/2020,Mato Grosso do Sul,6.693088774106815
731,24/04/2020,Mato Grosso do Sul,7.664666176799739
732,24/02/2020,Mato Grosso,0.0
733,25/02/2020,Mato Grosso,0.0
734,26/02/2020,Mato Grosso,0.0
735,27/02/2020,Mato Grosso,0.0
736,28/02/2020,Mato Grosso,0.0
737,29/02/2020,Mato Grosso,0.0
738,01/03/2020,Mato Grosso,0.0
739,02/03/2020,Mato Grosso,0.0
740,03/03/2020,Mato Grosso,0.0
741,04/03/2020,Mato Grosso,0.0
742,05/03/2020,Mato Grosso,0.0
743,06/03/2020,Mato Grosso,0.0
744,07/03/2020,Mato Grosso,0.0
745,08/03/2020,Mato Grosso,0.0
746,09/03/2020,Mato Grosso,0.0
747,10/03/2020,Mato Grosso,0.0
748,11/03/2020,Mato Grosso,0.0
749,12/03/2020,Mato Grosso,0.0
750,13/03/2020,Mato Grosso,0.0
751,14/03/2020,Mato Grosso,0.0
752,15/03/2020,Mato Grosso,0.0
753,16/03/2020,Mato Grosso,0.0
754,17/03/2020,Mato Grosso,0.0
755,18/03/2020,Mato Grosso,0.0
756,19/03/2020,Mato Grosso,0.0
757,20/03/2020,Mato Grosso,0.028698802054604636
758,21/03/2020,Mato Grosso,0.05739760410920927
759,22/03/2020,Mato Grosso,0.05739760410920927
760,23/03/2020,Mato Grosso,0.05739760410920927
761,24/03/2020,Mato Grosso,0.20089161438223246
762,25/03/2020,Mato Grosso,0.22959041643683709
763,26/03/2020,Mato Grosso,0.315686822600651
764,27/03/2020,Mato Grosso,0.315686822600651
765,28/03/2020,Mato Grosso,0.37308442670986025
766,29/03/2020,Mato Grosso,0.45918083287367417
767,30/03/2020,Mato Grosso,0.5165784369828834
768,31/03/2020,Mato Grosso,0.7174700513651159
769,01/04/2020,Mato Grosso,0.7748676554743252
770,02/04/2020,Mato Grosso,1.0331568739657668
771,03/04/2020,Mato Grosso,1.262747290402604
772,04/04/2020,Mato Grosso,1.6071329150578597
773,05/04/2020,Mato Grosso,1.7219281232762782
774,06/04/2020,Mato Grosso,2.1811089561499526
775,07/04/2020,Mato Grosso,2.238506560259162
776,08/04/2020,Mato Grosso,2.5828921849144173
777,09/04/2020,Mato Grosso,3.099470621897301
778,10/04/2020,Mato Grosso,3.2142658301157194
779,11/04/2020,Mato Grosso,3.4725550486071612
780,12/04/2020,Mato Grosso,3.5299526527163705
781,13/04/2020,Mato Grosso,3.845639475317021
782,14/04/2020,Mato Grosso,3.96043468353544
783,15/04/2020,Mato Grosso,4.3335191102453
784,16/04/2020,Mato Grosso,4.477013120518324
785,17/04/2020,Mato Grosso,4.649205932845951
786,18/04/2020,Mato Grosso,4.907495151337393
787,19/04/2020,Mato Grosso,4.993591557501206
788,20/04/2020,Mato Grosso,5.194483171883439
789,21/04/2020,Mato Grosso,5.194483171883439
790,22/04/2020,Mato Grosso,5.251880775992649
791,23/04/2020,Mato Grosso,6.342435254067625
792,24/04/2020,Mato Grosso,6.887712493105113
793,24/02/2020,Pará,0.0
794,25/02/2020,Pará,0.0
795,26/02/2020,Pará,0.0
796,27/02/2020,Pará,0.0
797,28/02/2020,Pará,0.0
798,29/02/2020,Pará,0.0
799,01/03/2020,Pará,0.0
800,02/03/2020,Pará,0.0
801,03/03/2020,Pará,0.0
802,04/03/2020,Pará,0.0
803,05/03/2020,Pará,0.0
804,06/03/2020,Pará,0.0
805,07/03/2020,Pará,0.0
806,08/03/2020,Pará,0.0
807,09/03/2020,Pará,0.0
808,10/03/2020,Pará,0.0
809,11/03/2020,Pará,0.0
810,12/03/2020,Pará,0.0
811,13/03/2020,Pará,0.0
812,14/03/2020,Pará,0.0
813,15/03/2020,Pará,0.0
814,16/03/2020,Pará,0.0
815,17/03/2020,Pará,0.0
816,18/03/2020,Pará,0.0
817,19/03/2020,Pará,0.011624034551280301
818,20/03/2020,Pará,0.023248069102560602
819,21/03/2020,Pará,0.023248069102560602
820,22/03/2020,Pará,0.046496138205121204
821,23/03/2020,Pará,0.0581201727564015
822,24/03/2020,Pará,0.0581201727564015
823,25/03/2020,Pará,0.0813682418589621
824,26/03/2020,Pará,0.1511124491666439
825,27/03/2020,Pará,0.1511124491666439
826,28/03/2020,Pará,0.1976085873717651
827,29/03/2020,Pará,0.2092326219230454
828,30/03/2020,Pará,0.2441047255768863
829,31/03/2020,Pará,0.37196910564096963
830,01/04/2020,Pará,0.464961382051212
831,02/04/2020,Pará,0.5347055893588938
832,03/04/2020,Pará,0.581201727564015
833,04/04/2020,Pará,0.929922764102424
834,05/04/2020,Pará,0.9996669714101059
835,06/04/2020,Pará,1.1856515242305907
836,07/04/2020,Pará,1.6041167680766815
837,08/04/2020,Pará,1.9412137700638101
838,09/04/2020,Pará,1.9528378046150905
839,10/04/2020,Pará,1.976085873717651
840,11/04/2020,Pará,2.5224154976278252
841,12/04/2020,Pará,2.859512499614954
842,13/04/2020,Pará,3.138489328845681
843,14/04/2020,Pará,3.754563160063537
844,15/04/2020,Pará,4.463629267691635
845,16/04/2020,Pará,5.091327133460772
846,17/04/2020,Pará,6.474587245063128
847,18/04/2020,Pará,7.439382112819392
848,19/04/2020,Pará,7.962463667627006
849,20/04/2020,Pará,10.484879165254831
850,21/04/2020,Pará,11.926259449613587
851,22/04/2020,Pará,13.89072128877996
852,23/04/2020,Pará,14.72765177647214
853,24/04/2020,Pará,16.808353961151315
854,24/02/2020,Paraíba,0.0
855,25/02/2020,Paraíba,0.0
856,26/02/2020,Paraíba,0.0
857,27/02/2020,Paraíba,0.0
858,28/02/2020,Paraíba,0.0
859,29/02/2020,Paraíba,0.0
860,01/03/2020,Paraíba,0.0
861,02/03/2020,Paraíba,0.0
862,03/03/2020,Paraíba,0.0
863,04/03/2020,Paraíba,0.0
864,05/03/2020,Paraíba,0.0
865,06/03/2020,Paraíba,0.0
866,07/03/2020,Paraíba,0.0
867,08/03/2020,Paraíba,0.0
868,09/03/2020,Paraíba,0.0
869,10/03/2020,Paraíba,0.0
870,11/03/2020,Paraíba,0.0
871,12/03/2020,Paraíba,0.0
872,13/03/2020,Paraíba,0.0
873,14/03/2020,Paraíba,0.0
874,15/03/2020,Paraíba,0.0
875,16/03/2020,Paraíba,0.0
876,17/03/2020,Paraíba,0.0
877,18/03/2020,Paraíba,0.0
878,19/03/2020,Paraíba,0.02488721735276162
879,20/03/2020,Paraíba,0.02488721735276162
880,21/03/2020,Paraíba,0.02488721735276162
881,22/03/2020,Paraíba,0.02488721735276162
882,23/03/2020,Paraíba,0.04977443470552324
883,24/03/2020,Paraíba,0.07466165205828487
884,25/03/2020,Paraíba,0.07466165205828487
885,26/03/2020,Paraíba,0.12443608676380812
886,27/03/2020,Paraíba,0.22398495617485462
887,28/03/2020,Paraíba,0.3484210429386627
888,29/03/2020,Paraíba,0.3484210429386627
889,30/03/2020,Paraíba,0.37330826029142433
890,31/03/2020,Paraíba,0.42308269499694756
891,01/04/2020,Paraíba,0.49774434705523246
892,02/04/2020,Paraíba,0.5226315644079941
893,03/04/2020,Paraíba,0.7217293032300871
894,04/04/2020,Paraíba,0.7963909552883719
895,05/04/2020,Paraíba,0.8461653899938951
896,06/04/2020,Paraíba,0.8710526073466568
897,07/04/2020,Paraíba,0.8959398246994185
898,08/04/2020,Paraíba,1.0203759114632265
899,09/04/2020,Paraíba,1.3687969544018892
900,10/04/2020,Paraíba,1.9660901708681682
901,11/04/2020,Paraíba,2.115413474984738
902,12/04/2020,Paraíba,2.513608952628924
903,13/04/2020,Paraíba,2.76248112615654
904,14/04/2020,Paraíba,3.3846615599755805
905,15/04/2020,Paraíba,3.757969820267005
906,16/04/2020,Paraíba,4.106390863205668
907,17/04/2020,Paraíba,4.853007383788516
908,18/04/2020,Paraíba,5.101879557316132
909,19/04/2020,Paraíba,5.873383295251743
910,20/04/2020,Paraíba,6.097368251426597
911,21/04/2020,Paraíba,6.545338163776306
912,22/04/2020,Paraíba,7.491052423181248
913,23/04/2020,Paraíba,8.58608998670276
914,24/04/2020,Paraíba,9.606465898165986
915,24/02/2020,Pernambuco,0.0
916,25/02/2020,Pernambuco,0.0
917,26/02/2020,Pernambuco,0.0
918,27/02/2020,Pernambuco,0.0
919,28/02/2020,Pernambuco,0.0
920,29/02/2020,Pernambuco,0.0
921,01/03/2020,Pernambuco,0.0
922,02/03/2020,Pernambuco,0.0
923,03/03/2020,Pernambuco,0.0
924,04/03/2020,Pernambuco,0.0
925,05/03/2020,Pernambuco,0.0
926,06/03/2020,Pernambuco,0.0
927,07/03/2020,Pernambuco,0.0
928,08/03/2020,Pernambuco,0.0
929,09/03/2020,Pernambuco,0.0
930,10/03/2020,Pernambuco,0.0
931,11/03/2020,Pernambuco,0.0
932,12/03/2020,Pernambuco,0.020926913695629133
933,13/03/2020,Pernambuco,0.020926913695629133
934,14/03/2020,Pernambuco,0.020926913695629133
935,15/03/2020,Pernambuco,0.020926913695629133
936,16/03/2020,Pernambuco,0.020926913695629133
937,17/03/2020,Pernambuco,0.16741530956503306
938,18/03/2020,Pernambuco,0.16741530956503306
939,19/03/2020,Pernambuco,0.29297679173880786
940,20/03/2020,Pernambuco,0.31390370543443696
941,21/03/2020,Pernambuco,0.31390370543443696
942,22/03/2020,Pernambuco,0.38714790336913896
943,23/03/2020,Pernambuco,0.43946518760821174
944,24/03/2020,Pernambuco,0.43946518760821174
945,25/03/2020,Pernambuco,0.48131901499947005
946,26/03/2020,Pernambuco,0.5022459286950992
947,27/03/2020,Pernambuco,0.5859535834776157
948,28/03/2020,Pernambuco,0.7115150656513904
949,29/03/2020,Pernambuco,0.7638323498904633
950,30/03/2020,Pernambuco,0.8161496341295361
951,31/03/2020,Pernambuco,0.9103207457598672
952,01/04/2020,Pernambuco,0.9940284005423837
953,02/04/2020,Pernambuco,1.109126425868344
954,03/04/2020,Pernambuco,1.4230301313027809
955,04/04/2020,Pernambuco,1.8415684052153636
956,05/04/2020,Pernambuco,2.103154826410728
957,06/04/2020,Pernambuco,2.333350877062648
958,07/04/2020,Pernambuco,3.683136810430727
959,08/04/2020,Pernambuco,4.195846195973641
960,09/04/2020,Pernambuco,5.807218550537084
961,10/04/2020,Pernambuco,7.157004483905163
962,11/04/2020,Pernambuco,8.538180787816685
963,12/04/2020,Pernambuco,10.044918573901983
964,13/04/2020,Pernambuco,12.074829202378009
965,14/04/2020,Pernambuco,13.435078592593902
966,15/04/2020,Pernambuco,15.527769962156816
967,16/04/2020,Pernambuco,17.609997874871915
968,17/04/2020,Pernambuco,20.989694436716018
969,18/04/2020,Pernambuco,22.946360867257344
970,19/04/2020,Pernambuco,25.729640388776016
971,20/04/2020,Pernambuco,28.146698920621184
972,21/04/2020,Pernambuco,30.427732513444756
973,22/04/2020,Pernambuco,34.50848068409244
974,23/04/2020,Pernambuco,36.82090464745946
975,24/04/2020,Pernambuco,41.84336393441045
976,24/02/2020,Piauí,0.0
977,25/02/2020,Piauí,0.0
978,26/02/2020,Piauí,0.0
979,27/02/2020,Piauí,0.0
980,28/02/2020,Piauí,0.0
981,29/02/2020,Piauí,0.0
982,01/03/2020,Piauí,0.0
983,02/03/2020,Piauí,0.0
984,03/03/2020,Piauí,0.0
985,04/03/2020,Piauí,0.0
986,05/03/2020,Piauí,0.0
987,06/03/2020,Piauí,0.0
988,07/03/2020,Piauí,0.0
989,08/03/2020,Piauí,0.0
990,09/03/2020,Piauí,0.0
991,10/03/2020,Piauí,0.0
992,11/03/2020,Piauí,0.0
993,12/03/2020,Piauí,0.0
994,13/03/2020,Piauí,0.0
995,14/03/2020,Piauí,0.0
996,15/03/2020,Piauí,0.0
997,16/03/2020,Piauí,0.0
998,17/03/2020,Piauí,0.0
999,18/03/2020,Piauí,0.0
1000,19/03/2020,Piauí,0.0
1001,20/03/2020,Piauí,0.09165267181286235
1002,21/03/2020,Piauí,0.1222035624171498
1003,22/03/2020,Piauí,0.1222035624171498
1004,23/03/2020,Piauí,0.1833053436257247
1005,24/03/2020,Piauí,0.1833053436257247
1006,25/03/2020,Piauí,0.2444071248342996
1007,26/03/2020,Piauí,0.27495801543858706
1008,27/03/2020,Piauí,0.27495801543858706
1009,28/03/2020,Piauí,0.33605979664716196
1010,29/03/2020,Piauí,0.4277124684600243
1011,30/03/2020,Piauí,0.4888142496685992
1012,31/03/2020,Piauí,0.5499160308771741
1013,01/04/2020,Piauí,0.5499160308771741
1014,02/04/2020,Piauí,0.5804669214814616
1015,03/04/2020,Piauí,0.6415687026900365
1016,04/04/2020,Piauí,0.6721195932943239
1017,05/04/2020,Piauí,0.7026704838986114
1018,06/04/2020,Piauí,0.7026704838986114
1019,07/04/2020,Piauí,0.8554249369200486
1020,08/04/2020,Piauí,0.947077608732911
1021,09/04/2020,Piauí,1.1609338429629232
1022,10/04/2020,Piauí,1.222035624171498
1023,11/04/2020,Piauí,1.2525865147757855
1024,12/04/2020,Piauí,1.3442391865886478
1025,13/04/2020,Piauí,1.5275445302143726
1026,14/04/2020,Piauí,1.7719516550486722
1027,15/04/2020,Piauí,2.291316795321559
1028,16/04/2020,Piauí,2.780131044990158
1029,17/04/2020,Piauí,3.11619084163732
1030,18/04/2020,Piauí,3.7577595443273566
1031,19/04/2020,Piauí,4.42987913762168
1032,20/04/2020,Piauí,4.827040715477417
1033,21/04/2020,Piauí,5.6824656523974655
1034,22/04/2020,Piauí,6.293483464483215
1035,23/04/2020,Piauí,6.629543261130377
1036,24/04/2020,Piauí,7.821027994697587
1037,24/02/2020,Paraná,0.0
1038,25/02/2020,Paraná,0.0
1039,26/02/2020,Paraná,0.0
1040,27/02/2020,Paraná,0.0
1041,28/02/2020,Paraná,0.0
1042,29/02/2020,Paraná,0.0
1043,01/03/2020,Paraná,0.0
1044,02/03/2020,Paraná,0.0
1045,03/03/2020,Paraná,0.0
1046,04/03/2020,Paraná,0.0
1047,05/03/2020,Paraná,0.0
1048,06/03/2020,Paraná,0.0
1049,07/03/2020,Paraná,0.0
1050,08/03/2020,Paraná,0.0
1051,09/03/2020,Paraná,0.0
1052,10/03/2020,Paraná,0.0
1053,11/03/2020,Paraná,0.0
1054,12/03/2020,Paraná,0.05247527168415973
1055,13/03/2020,Paraná,0.05247527168415973
1056,14/03/2020,Paraná,0.05247527168415973
1057,15/03/2020,Paraná,0.05247527168415973
1058,16/03/2020,Paraná,0.05247527168415973
1059,17/03/2020,Paraná,0.05247527168415973
1060,18/03/2020,Paraná,0.1136964219823461
1061,19/03/2020,Paraná,0.2011552081226123
1062,20/03/2020,Paraná,0.27986811564885195
1063,21/03/2020,Paraná,0.3760727804031448
1064,22/03/2020,Paraná,0.43729393070133116
1065,23/03/2020,Paraná,0.4897692023854909
1066,24/03/2020,Paraná,0.5684821099117304
1067,25/03/2020,Paraná,0.7084161677361565
1068,26/03/2020,Paraná,0.8920796186307155
1069,27/03/2020,Paraná,1.0407595550691682
1070,28/03/2020,Paraná,1.1632018556655408
1071,29/03/2020,Paraná,1.29439003487594
1072,30/03/2020,Paraná,1.3556111851741266
1073,31/03/2020,Paraná,1.5655122719107655
1074,01/04/2020,Paraná,1.9590768095419635
1075,02/04/2020,Paraná,2.203961410734709
1076,03/04/2020,Paraná,2.6325094628220134
1077,04/04/2020,Paraná,3.454622052540516
1078,05/04/2020,Paraná,3.8306948329436605
1079,06/04/2020,Paraná,4.005612405224193
1080,07/04/2020,Paraná,4.399176942855391
1081,08/04/2020,Paraná,4.714028572960349
1082,09/04/2020,Paraná,5.326240075942213
1083,10/04/2020,Paraná,5.623599948819118
1084,11/04/2020,Paraná,5.912213943081997
1085,12/04/2020,Paraná,6.454458417151647
1086,13/04/2020,Paraná,6.611884232204127
1087,14/04/2020,Paraná,6.917989983695058
1088,15/04/2020,Paraná,7.022940527063378
1089,16/04/2020,Paraná,7.27657100687015
1090,17/04/2020,Paraná,7.643897908659268
1091,18/04/2020,Paraná,8.264855290255158
1092,19/04/2020,Paraná,8.632182192044276
1093,20/04/2020,Paraná,8.807099764324809
1094,21/04/2020,Paraná,8.955779700763262
1095,22/04/2020,Paraná,9.2968689667103
1096,23/04/2020,Paraná,9.463040660376805
1097,24/04/2020,Paraná,9.786638169095792
1098,24/02/2020,Rio de Janeiro,0.0
1099,25/02/2020,Rio de Janeiro,0.0
1100,26/02/2020,Rio de Janeiro,0.0
1101,27/02/2020,Rio de Janeiro,0.0
1102,28/02/2020,Rio de Janeiro,0.0
1103,29/02/2020,Rio de Janeiro,0.0
1104,01/03/2020,Rio de Janeiro,0.0
1105,02/03/2020,Rio de Janeiro,0.0
1106,03/03/2020,Rio de Janeiro,0.0
1107,04/03/2020,Rio de Janeiro,0.0
1108,05/03/2020,Rio de Janeiro,0.005792083993558507
1109,06/03/2020,Rio de Janeiro,0.005792083993558507
1110,07/03/2020,Rio de Janeiro,0.011584167987117014
1111,08/03/2020,Rio de Janeiro,0.017376251980675522
1112,09/03/2020,Rio de Janeiro,0.017376251980675522
1113,10/03/2020,Rio de Janeiro,0.04633667194846806
1114,11/03/2020,Rio de Janeiro,0.07529709191626059
1115,12/03/2020,Rio de Janeiro,0.09267334389693611
1116,13/03/2020,Rio de Janeiro,0.09267334389693611
1117,14/03/2020,Rio de Janeiro,0.12742584785828717
1118,15/03/2020,Rio de Janeiro,0.13901001584540418
1119,16/03/2020,Rio de Janeiro,0.17955460380031374
1120,17/03/2020,Rio de Janeiro,0.19113877178743074
1121,18/03/2020,Rio de Janeiro,0.26064377971013286
1122,19/03/2020,Rio de Janeiro,0.376485459581303
1123,20/03/2020,Rio de Janeiro,0.6313371552978774
1124,21/03/2020,Rio de Janeiro,0.6892579952334624
1125,22/03/2020,Rio de Janeiro,1.0773276228018824
1126,23/03/2020,Rio de Janeiro,1.3495555704991322
1127,24/03/2020,Rio de Janeiro,1.7665856180353448
1128,25/03/2020,Rio de Janeiro,2.1430710776166477
1129,26/03/2020,Rio de Janeiro,2.4384673612881316
1130,27/03/2020,Rio de Janeiro,2.8554974088243443
1131,28/03/2020,Rio de Janeiro,3.2319828684056473
1132,29/03/2020,Rio de Janeiro,3.4752503961351047
1133,30/03/2020,Rio de Janeiro,3.8053991837679395
1134,31/03/2020,Rio de Janeiro,4.100795467439423
1135,01/04/2020,Rio de Janeiro,4.819013882640678
1136,02/04/2020,Rio de Janeiro,5.74574732161004
1137,03/04/2020,Rio de Janeiro,6.220698209081837
1138,04/04/2020,Rio de Janeiro,7.2169366559739005
1139,05/04/2020,Rio de Janeiro,8.07416508702056
1140,06/04/2020,Rio de Janeiro,8.462234714588979
1141,07/04/2020,Rio de Janeiro,9.777037781126761
1142,08/04/2020,Rio de Janeiro,11.225058779516388
1143,09/04/2020,Rio de Janeiro,12.835258129725652
1144,10/04/2020,Rio de Janeiro,14.271694960128162
1145,11/04/2020,Rio de Janeiro,15.09996297120703
1146,12/04/2020,Rio de Janeiro,16.53639980160954
1147,13/04/2020,Rio de Janeiro,18.714223383187537
1148,14/04/2020,Rio de Janeiro,19.75100641803451
1149,15/04/2020,Rio de Janeiro,21.679770387889494
1150,16/04/2020,Rio de Janeiro,22.843979270594755
1151,17/04/2020,Rio de Janeiro,25.18977328798595
1152,18/04/2020,Rio de Janeiro,26.3134375827363
1153,19/04/2020,Rio de Janeiro,27.599280229306288
1154,20/04/2020,Rio de Janeiro,28.37541948444313
1155,21/04/2020,Rio de Janeiro,30.73279766982144
1156,22/04/2020,Rio de Janeiro,32.157650332236834
1157,23/04/2020,Rio de Janeiro,35.74874240824311
1158,24/04/2020,Rio de Janeiro,36.38587164753454
1159,24/02/2020,Rio Grande do Norte,0.0
1160,25/02/2020,Rio Grande do Norte,0.0
1161,26/02/2020,Rio Grande do Norte,0.0
1162,27/02/2020,Rio Grande do Norte,0.0
1163,28/02/2020,Rio Grande do Norte,0.0
1164,29/02/2020,Rio Grande do Norte,0.0
1165,01/03/2020,Rio Grande do Norte,0.0
1166,02/03/2020,Rio Grande do Norte,0.0
1167,03/03/2020,Rio Grande do Norte,0.0
1168,04/03/2020,Rio Grande do Norte,0.0
1169,05/03/2020,Rio Grande do Norte,0.0
1170,06/03/2020,Rio Grande do Norte,0.0
1171,07/03/2020,Rio Grande do Norte,0.0
1172,08/03/2020,Rio Grande do Norte,0.0
1173,09/03/2020,Rio Grande do Norte,0.0
1174,10/03/2020,Rio Grande do Norte,0.0
1175,11/03/2020,Rio Grande do Norte,0.0
1176,12/03/2020,Rio Grande do Norte,0.0
1177,13/03/2020,Rio Grande do Norte,0.028515595036347402
1178,14/03/2020,Rio Grande do Norte,0.028515595036347402
1179,15/03/2020,Rio Grande do Norte,0.028515595036347402
1180,16/03/2020,Rio Grande do Norte,0.028515595036347402
1181,17/03/2020,Rio Grande do Norte,0.028515595036347402
1182,18/03/2020,Rio Grande do Norte,0.028515595036347402
1183,19/03/2020,Rio Grande do Norte,0.028515595036347402
1184,20/03/2020,Rio Grande do Norte,0.028515595036347402
1185,21/03/2020,Rio Grande do Norte,0.1710935702180844
1186,22/03/2020,Rio Grande do Norte,0.25664035532712665
1187,23/03/2020,Rio Grande do Norte,0.37070273547251625
1188,24/03/2020,Rio Grande do Norte,0.37070273547251625
1189,25/03/2020,Rio Grande do Norte,0.39921833050886363
1190,26/03/2020,Rio Grande do Norte,0.5417963056906007
1191,27/03/2020,Rio Grande do Norte,0.7984366610177273
1192,28/03/2020,Rio Grande do Norte,1.2832017766356332
1193,29/03/2020,Rio Grande do Norte,1.9390604624716234
1194,30/03/2020,Rio Grande do Norte,2.19570081779875
1195,31/03/2020,Rio Grande do Norte,2.338278792980487
1196,01/04/2020,Rio Grande do Norte,2.623434743343961
1197,02/04/2020,Rio Grande do Norte,2.9941374788164774
1198,03/04/2020,Rio Grande do Norte,5.018744726397143
1199,04/04/2020,Rio Grande do Norte,6.04530614770565
1200,05/04/2020,Rio Grande do Norte,6.900773998796072
1201,06/04/2020,Rio Grande do Norte,7.014836378941461
1202,07/04/2020,Rio Grande do Norte,7.24296113923224
1203,08/04/2020,Rio Grande do Norte,7.442570304486672
1204,09/04/2020,Rio Grande do Norte,7.442570304486672
1205,10/04/2020,Rio Grande do Norte,7.499601494559367
1206,11/04/2020,Rio Grande do Norte,8.241006965504399
1207,12/04/2020,Rio Grande do Norte,8.611709700976915
1208,13/04/2020,Rio Grande do Norte,9.66678671732177
1209,14/04/2020,Rio Grande do Norte,10.721863733666623
1210,15/04/2020,Rio Grande do Norte,11.377722419502614
1211,16/04/2020,Rio Grande do Norte,11.406238014538962
1212,17/04/2020,Rio Grande do Norte,13.202720501828848
1213,18/04/2020,Rio Grande do Norte,14.71404703875526
1214,19/04/2020,Rio Grande do Norte,15.141780964300471
1215,20/04/2020,Rio Grande do Norte,16.966779046626705
1216,21/04/2020,Rio Grande do Norte,17.33748178209922
1217,22/04/2020,Rio Grande do Norte,18.421074393480424
1218,23/04/2020,Rio Grande do Norte,20.18904128573396
1219,24/04/2020,Rio Grande do Norte,21.500758657405942
1220,24/02/2020,Rondônia,0.0
1221,25/02/2020,Rondônia,0.0
1222,26/02/2020,Rondônia,0.0
1223,27/02/2020,Rondônia,0.0
1224,28/02/2020,Rondônia,0.0
1225,29/02/2020,Rondônia,0.0
1226,01/03/2020,Rondônia,0.0
1227,02/03/2020,Rondônia,0.0
1228,03/03/2020,Rondônia,0.0
1229,04/03/2020,Rondônia,0.0
1230,05/03/2020,Rondônia,0.0
1231,06/03/2020,Rondônia,0.0
1232,07/03/2020,Rondônia,0.0
1233,08/03/2020,Rondônia,0.0
1234,09/03/2020,Rondônia,0.0
1235,10/03/2020,Rondônia,0.0
1236,11/03/2020,Rondônia,0.0
1237,12/03/2020,Rondônia,0.0
1238,13/03/2020,Rondônia,0.0
1239,14/03/2020,Rondônia,0.0
1240,15/03/2020,Rondônia,0.0
1241,16/03/2020,Rondônia,0.0
1242,17/03/2020,Rondônia,0.0
1243,18/03/2020,Rondônia,0.0
1244,19/03/2020,Rondônia,0.0
1245,20/03/2020,Rondônia,0.05626749567443627
1246,21/03/2020,Rondônia,0.05626749567443627
1247,22/03/2020,Rondônia,0.1688024870233088
1248,23/03/2020,Rondônia,0.1688024870233088
1249,24/03/2020,Rondônia,0.1688024870233088
1250,25/03/2020,Rondônia,0.28133747837218137
1251,26/03/2020,Rondônia,0.28133747837218137
1252,27/03/2020,Rondônia,0.3376049740466176
1253,28/03/2020,Rondônia,0.3376049740466176
1254,29/03/2020,Rondônia,0.3376049740466176
1255,30/03/2020,Rondônia,0.3376049740466176
1256,31/03/2020,Rondônia,0.45013996539549017
1257,01/04/2020,Rondônia,0.5064074610699264
1258,02/04/2020,Rondônia,0.5626749567443627
1259,03/04/2020,Rondônia,0.5626749567443627
1260,04/04/2020,Rondônia,0.618942452418799
1261,05/04/2020,Rondônia,0.6752099480932352
1262,06/04/2020,Rondônia,0.7877449394421078
1263,07/04/2020,Rondônia,1.0128149221398528
1264,08/04/2020,Rondônia,1.0128149221398528
1265,09/04/2020,Rondônia,1.5754898788842155
1266,10/04/2020,Rondônia,1.8005598615819607
1267,11/04/2020,Rondônia,1.856827357256397
1268,12/04/2020,Rondônia,1.9693623486052694
1269,13/04/2020,Rondônia,2.3632348183263234
1270,14/04/2020,Rondônia,3.6011197231639214
1271,15/04/2020,Rondônia,3.8824572015361025
1272,16/04/2020,Rondônia,4.276329671257156
1273,17/04/2020,Rondônia,5.176609602048137
1274,18/04/2020,Rondônia,6.18942452418799
1275,19/04/2020,Rondônia,7.202239446327843
1276,20/04/2020,Rondônia,9.002799307909804
1277,21/04/2020,Rondônia,11.197231639212818
1278,22/04/2020,Rondônia,12.547651535399288
1279,23/04/2020,Rondônia,14.066873918609067
1280,24/04/2020,Rondônia,16.317573745586518
1281,24/02/2020,Roraima,0.0
1282,25/02/2020,Roraima,0.0
1283,26/02/2020,Roraima,0.0
1284,27/02/2020,Roraima,0.0
1285,28/02/2020,Roraima,0.0
1286,29/02/2020,Roraima,0.0
1287,01/03/2020,Roraima,0.0
1288,02/03/2020,Roraima,0.0
1289,03/03/2020,Roraima,0.0
1290,04/03/2020,Roraima,0.0
1291,05/03/2020,Roraima,0.0
1292,06/03/2020,Roraima,0.0
1293,07/03/2020,Roraima,0.0
1294,08/03/2020,Roraima,0.0
1295,09/03/2020,Roraima,0.0
1296,10/03/2020,Roraima,0.0
1297,11/03/2020,Roraima,0.0
1298,12/03/2020,Roraima,0.0
1299,13/03/2020,Roraima,0.0
1300,14/03/2020,Roraima,0.0
1301,15/03/2020,Roraima,0.0
1302,16/03/2020,Roraima,0.0
1303,17/03/2020,Roraima,0.0
1304,18/03/2020,Roraima,0.0
1305,19/03/2020,Roraima,0.0
1306,20/03/2020,Roraima,0.0
1307,21/03/2020,Roraima,0.0
1308,22/03/2020,Roraima,0.33016321618592154
1309,23/03/2020,Roraima,0.33016321618592154
1310,24/03/2020,Roraima,0.33016321618592154
1311,25/03/2020,Roraima,1.3206528647436862
1312,26/03/2020,Roraima,1.3206528647436862
1313,27/03/2020,Roraima,1.6508160809296075
1314,28/03/2020,Roraima,1.9809792971155291
1315,29/03/2020,Roraima,2.6413057294873723
1316,30/03/2020,Roraima,2.6413057294873723
1317,31/03/2020,Roraima,2.6413057294873723
1318,01/04/2020,Roraima,3.6317953780451364
1319,02/04/2020,Roraima,4.29212181041698
1320,03/04/2020,Roraima,4.952448242788822
1321,04/04/2020,Roraima,6.108019499439548
1322,05/04/2020,Roraima,6.9334275399043515
1323,06/04/2020,Roraima,6.9334275399043515
1324,07/04/2020,Roraima,6.9334275399043515
1325,08/04/2020,Roraima,8.088998796555076
1326,09/04/2020,Roraima,8.58424362083396
1327,10/04/2020,Roraima,10.400141309856528
1328,11/04/2020,Roraima,12.381120606972056
1329,12/04/2020,Roraima,13.0414470393439
1330,13/04/2020,Roraima,13.701773471715743
1331,14/04/2020,Roraima,18.654221714504565
1332,15/04/2020,Roraima,18.819303322597527
1333,16/04/2020,Roraima,23.441588349200426
1334,17/04/2020,Roraima,27.073383727245563
1335,18/04/2020,Roraima,33.18140322668511
1336,19/04/2020,Roraima,36.648116996637285
1337,20/04/2020,Roraima,40.279912374682425
1338,21/04/2020,Roraima,40.77515719896131
1339,22/04/2020,Roraima,46.22285026602901
1340,23/04/2020,Roraima,49.029237603609346
1341,24/04/2020,Roraima,50.18480886026007
1342,24/02/2020,Rio Grande do Sul,0.0
1343,25/02/2020,Rio Grande do Sul,0.0
1344,26/02/2020,Rio Grande do Sul,0.0
1345,27/02/2020,Rio Grande do Sul,0.0
1346,28/02/2020,Rio Grande do Sul,0.0
1347,29/02/2020,Rio Grande do Sul,0.0
1348,01/03/2020,Rio Grande do Sul,0.0
1349,02/03/2020,Rio Grande do Sul,0.0
1350,03/03/2020,Rio Grande do Sul,0.0
1351,04/03/2020,Rio Grande do Sul,0.0
1352,05/03/2020,Rio Grande do Sul,0.0
1353,06/03/2020,Rio Grande do Sul,0.0
1354,07/03/2020,Rio Grande do Sul,0.0
1355,08/03/2020,Rio Grande do Sul,0.0
1356,09/03/2020,Rio Grande do Sul,0.0
1357,10/03/2020,Rio Grande do Sul,0.008789478712717558
1358,11/03/2020,Rio Grande do Sul,0.017578957425435117
1359,12/03/2020,Rio Grande do Sul,0.035157914850870234
1360,13/03/2020,Rio Grande do Sul,0.035157914850870234
1361,14/03/2020,Rio Grande do Sul,0.05273687227630535
1362,15/03/2020,Rio Grande do Sul,0.05273687227630535
1363,16/03/2020,Rio Grande do Sul,0.05273687227630535
1364,17/03/2020,Rio Grande do Sul,0.08789478712717558
1365,18/03/2020,Rio Grande do Sul,0.16700009554163361
1366,19/03/2020,Rio Grande do Sul,0.24610540395609162
1367,20/03/2020,Rio Grande do Sul,0.32521071237054966
1368,21/03/2020,Rio Grande do Sul,0.5273687227630535
1369,22/03/2020,Rio Grande do Sul,0.6328424673156642
1370,23/03/2020,Rio Grande do Sul,0.75589516929371
1371,24/03/2020,Rio Grande do Sul,0.8613689138463207
1372,25/03/2020,Rio Grande do Sul,1.0811058816642596
1373,26/03/2020,Rio Grande do Sul,1.4766324237365498
1374,27/03/2020,Rio Grande do Sul,1.7139483489799239
1375,28/03/2020,Rio Grande do Sul,1.731527306405359
1376,29/03/2020,Rio Grande do Sul,1.9864221890741682
1377,30/03/2020,Rio Grande do Sul,2.1182643697649315
1378,31/03/2020,Rio Grande do Sul,2.408317167284611
1379,01/04/2020,Rio Grande do Sul,2.6895804860915726
1380,02/04/2020,Rio Grande do Sul,2.9356858900476643
1381,03/04/2020,Rio Grande do Sul,3.480633570236153
1382,04/04/2020,Rio Grande do Sul,3.603686272214199
1383,05/04/2020,Rio Grande do Sul,3.6740021019159395
1384,06/04/2020,Rio Grande do Sul,4.227739260817145
1385,07/04/2020,Rio Grande do Sul,4.465055186060519
1386,08/04/2020,Rio Grande do Sul,4.878160685558245
1387,09/04/2020,Rio Grande do Sul,5.431897844459451
1388,10/04/2020,Rio Grande do Sul,5.590108461288367
1389,11/04/2020,Rio Grande do Sul,5.625266376139237
1390,12/04/2020,Rio Grande do Sul,5.739529599404565
1391,13/04/2020,Rio Grande do Sul,5.836213865244459
1392,14/04/2020,Rio Grande do Sul,6.152635098902291
1393,15/04/2020,Rio Grande do Sul,6.565740598400016
1394,16/04/2020,Rio Grande do Sul,6.8557933959196955
1395,17/04/2020,Rio Grande do Sul,7.0491619275994815
1396,18/04/2020,Rio Grande do Sul,7.304056810268291
1397,19/04/2020,Rio Grande do Sul,7.506214820660794
1398,20/04/2020,Rio Grande do Sul,7.8138465756059095
1399,21/04/2020,Rio Grande do Sul,7.945688756296673
1400,22/04/2020,Rio Grande do Sul,8.112688851838307
1401,23/04/2020,Rio Grande do Sul,8.736741840441253
1402,24/04/2020,Rio Grande do Sul,9.32563691419333
1403,24/02/2020,Santa Catarina,0.0
1404,25/02/2020,Santa Catarina,0.0
1405,26/02/2020,Santa Catarina,0.0
1406,27/02/2020,Santa Catarina,0.0
1407,28/02/2020,Santa Catarina,0.0
1408,29/02/2020,Santa Catarina,0.0
1409,01/03/2020,Santa Catarina,0.0
1410,02/03/2020,Santa Catarina,0.0
1411,03/03/2020,Santa Catarina,0.0
1412,04/03/2020,Santa Catarina,0.0
1413,05/03/2020,Santa Catarina,0.0
1414,06/03/2020,Santa Catarina,0.0
1415,07/03/2020,Santa Catarina,0.0
1416,08/03/2020,Santa Catarina,0.0
1417,09/03/2020,Santa Catarina,0.0
1418,10/03/2020,Santa Catarina,0.0
1419,11/03/2020,Santa Catarina,0.0
1420,12/03/2020,Santa Catarina,0.0
1421,13/03/2020,Santa Catarina,0.02791429418428012
1422,14/03/2020,Santa Catarina,0.05582858836856024
1423,15/03/2020,Santa Catarina,0.08374288255284036
1424,16/03/2020,Santa Catarina,0.09770002964498042
1425,17/03/2020,Santa Catarina,0.09770002964498042
1426,18/03/2020,Santa Catarina,0.1395714709214006
1427,19/03/2020,Santa Catarina,0.2791429418428012
1428,20/03/2020,Santa Catarina,0.29310008893494127
1429,21/03/2020,Santa Catarina,0.7118145016991431
1430,22/03/2020,Santa Catarina,0.7955573842519834
1431,23/03/2020,Santa Catarina,0.9490860022655241
1432,24/03/2020,Santa Catarina,1.4934147388589865
1433,25/03/2020,Santa Catarina,1.5213290330432665
1434,26/03/2020,Santa Catarina,1.7027719452410874
1435,27/03/2020,Santa Catarina,2.079614916728869
1436,28/03/2020,Santa Catarina,2.568115064953771
1437,29/03/2020,Santa Catarina,2.7076865358751716
1438,30/03/2020,Santa Catarina,2.749557977151592
1439,31/03/2020,Santa Catarina,3.0566152131786732
1440,01/04/2020,Santa Catarina,3.279929566652914
1441,02/04/2020,Santa Catarina,3.447415331758595
1442,03/04/2020,Santa Catarina,3.921958332891357
1443,04/04/2020,Santa Catarina,4.66168712877478
1444,05/04/2020,Santa Catarina,4.9827015118940015
1445,06/04/2020,Santa Catarina,5.289758747921083
1446,07/04/2020,Santa Catarina,5.820130337422405
1447,08/04/2020,Santa Catarina,6.378416221108008
1448,09/04/2020,Santa Catarina,6.992530693162171
1449,10/04/2020,Santa Catarina,9.672302934853063
1450,11/04/2020,Santa Catarina,10.216631671446525
1451,12/04/2020,Santa Catarina,10.719088966763566
1452,13/04/2020,Santa Catarina,10.844703290592827
1453,14/04/2020,Santa Catarina,11.52860349810769
1454,15/04/2020,Santa Catarina,11.905446469595471
1455,16/04/2020,Santa Catarina,12.338118029451813
1456,17/04/2020,Santa Catarina,12.924318207321695
1457,18/04/2020,Santa Catarina,13.426775502638739
1458,19/04/2020,Santa Catarina,13.608218414836559
1459,20/04/2020,Santa Catarina,14.306075769443561
1460,21/04/2020,Santa Catarina,14.836447358944884
1461,22/04/2020,Santa Catarina,15.227247477524806
1462,23/04/2020,Santa Catarina,15.562219007736168
1463,24/04/2020,Santa Catarina,16.329862097803872
1464,24/02/2020,Sergipe,0.0
1465,25/02/2020,Sergipe,0.0
1466,26/02/2020,Sergipe,0.0
1467,27/02/2020,Sergipe,0.0
1468,28/02/2020,Sergipe,0.0
1469,29/02/2020,Sergipe,0.0
1470,01/03/2020,Sergipe,0.0
1471,02/03/2020,Sergipe,0.0
1472,03/03/2020,Sergipe,0.0
1473,04/03/2020,Sergipe,0.0
1474,05/03/2020,Sergipe,0.0
1475,06/03/2020,Sergipe,0.0
1476,07/03/2020,Sergipe,0.0
1477,08/03/2020,Sergipe,0.0
1478,09/03/2020,Sergipe,0.0
1479,10/03/2020,Sergipe,0.0
1480,11/03/2020,Sergipe,0.0
1481,12/03/2020,Sergipe,0.0
1482,13/03/2020,Sergipe,0.0
1483,14/03/2020,Sergipe,0.0
1484,15/03/2020,Sergipe,0.04350292513668619
1485,16/03/2020,Sergipe,0.04350292513668619
1486,17/03/2020,Sergipe,0.17401170054674475
1487,18/03/2020,Sergipe,0.21751462568343097
1488,19/03/2020,Sergipe,0.26101755082011713
1489,20/03/2020,Sergipe,0.26101755082011713
1490,21/03/2020,Sergipe,0.43502925136686194
1491,22/03/2020,Sergipe,0.43502925136686194
1492,23/03/2020,Sergipe,0.43502925136686194
1493,24/03/2020,Sergipe,0.6525438770502928
1494,25/03/2020,Sergipe,0.696046802186979
1495,26/03/2020,Sergipe,0.696046802186979
1496,27/03/2020,Sergipe,0.696046802186979
1497,28/03/2020,Sergipe,0.696046802186979
1498,29/03/2020,Sergipe,0.696046802186979
1499,30/03/2020,Sergipe,0.696046802186979
1500,31/03/2020,Sergipe,0.8265555775970376
1501,01/04/2020,Sergipe,0.8700585027337239
1502,02/04/2020,Sergipe,1.0005672781437824
1503,03/04/2020,Sergipe,1.0875731284171548
1504,04/04/2020,Sergipe,1.1745789786905272
1505,05/04/2020,Sergipe,1.392093604373958
1506,06/04/2020,Sergipe,1.392093604373958
1507,07/04/2020,Sergipe,1.5661053049207028
1508,08/04/2020,Sergipe,1.5661053049207028
1509,09/04/2020,Sergipe,1.6966140803307614
1510,10/04/2020,Sergipe,1.8271228557408201
1511,11/04/2020,Sergipe,1.8271228557408201
1512,12/04/2020,Sergipe,1.9141287060141925
1513,13/04/2020,Sergipe,1.9141287060141925
1514,14/04/2020,Sergipe,1.9576316311508786
1515,15/04/2020,Sergipe,2.001134556287565
1516,16/04/2020,Sergipe,2.088140406560937
1517,17/04/2020,Sergipe,2.3056550322443683
1518,18/04/2020,Sergipe,3.0887076847047195
1519,19/04/2020,Sergipe,3.6107427863449537
1520,20/04/2020,Sergipe,3.7412515617550124
1521,21/04/2020,Sergipe,4.00226911257513
1522,22/04/2020,Sergipe,5.089842240992284
1523,23/04/2020,Sergipe,5.394362716949088
1524,24/04/2020,Sergipe,6.264421219682811
1525,24/02/2020,São Paulo,0.0
1526,25/02/2020,São Paulo,0.0
1527,26/02/2020,São Paulo,0.0021777454493885533
1528,27/02/2020,São Paulo,0.0021777454493885533
1529,28/02/2020,São Paulo,0.0021777454493885533
1530,29/02/2020,São Paulo,0.004355490898777107
1531,01/03/2020,São Paulo,0.004355490898777107
1532,02/03/2020,São Paulo,0.004355490898777107
1533,03/03/2020,São Paulo,0.004355490898777107
1534,04/03/2020,São Paulo,0.00653323634816566
1535,05/03/2020,São Paulo,0.01306647269633132
1536,06/03/2020,São Paulo,0.021777454493885535
1537,07/03/2020,São Paulo,0.028310690842051192
1538,08/03/2020,São Paulo,0.03484392719021685
1539,09/03/2020,São Paulo,0.03484392719021685
1540,10/03/2020,São Paulo,0.041377163538382514
1541,11/03/2020,São Paulo,0.0653323634816566
1542,12/03/2020,São Paulo,0.09146530887431924
1543,13/03/2020,São Paulo,0.12195374516575899
1544,14/03/2020,São Paulo,0.14155345421025597
1545,15/03/2020,São Paulo,0.29617338111684327
1546,16/03/2020,São Paulo,0.3310173083070601
1547,17/03/2020,São Paulo,0.35715025369972275
1548,18/03/2020,São Paulo,0.5226589078532528
1549,19/03/2020,São Paulo,0.6228351985251263
1550,20/03/2020,São Paulo,0.8623871979578671
1551,21/03/2020,São Paulo,0.9995851612693459
1552,22/03/2020,São Paulo,1.3741573785641772
1553,23/03/2020,São Paulo,1.6224203597944722
1554,24/03/2020,São Paulo,1.763973814004728
1555,25/03/2020,São Paulo,1.877216577372933
1556,26/03/2020,São Paulo,2.290988212756758
1557,27/03/2020,São Paulo,2.6633826846022006
1558,28/03/2020,São Paulo,3.061910101840306
1559,29/03/2020,São Paulo,3.159908647062791
1560,30/03/2020,São Paulo,3.3036398467224353
1561,31/03/2020,São Paulo,5.093746606119827
1562,01/04/2020,São Paulo,6.491859184627278
1563,02/04/2020,São Paulo,7.635175545556268
1564,03/04/2020,São Paulo,8.815513579124865
1565,04/04/2020,São Paulo,9.725811176969279
1566,05/04/2020,São Paulo,10.061183976175116
1567,06/04/2020,São Paulo,10.5969093567247
1568,07/04/2020,São Paulo,12.37394964342576
1569,08/04/2020,São Paulo,14.608316474498416
1570,09/04/2020,São Paulo,16.289535961426377
1571,10/04/2020,São Paulo,17.892356612176354
1572,11/04/2020,São Paulo,18.33443893840223
1573,12/04/2020,São Paulo,19.066161409396784
1574,13/04/2020,São Paulo,19.37104577231118
1575,14/04/2020,São Paulo,20.407652606220132
1576,15/04/2020,São Paulo,24.048842997597795
1577,16/04/2020,São Paulo,25.192159358526784
1578,17/04/2020,São Paulo,27.964429315598412
1579,18/04/2020,São Paulo,30.25759527380456
1580,19/04/2020,São Paulo,31.06989432642649
1581,20/04/2020,São Paulo,31.751528652085106
1582,21/04/2020,São Paulo,33.50461373884289
1583,22/04/2020,São Paulo,34.65664108156944
1584,23/04/2020,São Paulo,36.455458822764385
1585,24/04/2020,São Paulo,38.82049038080035
1586,24/02/2020,Tocantins,0.0
1587,25/02/2020,Tocantins,0.0
1588,26/02/2020,Tocantins,0.0
1589,27/02/2020,Tocantins,0.0
1590,28/02/2020,Tocantins,0.0
1591,29/02/2020,Tocantins,0.0
1592,01/03/2020,Tocantins,0.0
1593,02/03/2020,Tocantins,0.0
1594,03/03/2020,Tocantins,0.0
1595,04/03/2020,Tocantins,0.0
1596,05/03/2020,Tocantins,0.0
1597,06/03/2020,Tocantins,0.0
1598,07/03/2020,Tocantins,0.0
1599,08/03/2020,Tocantins,0.0
1600,09/03/2020,Tocantins,0.0
1601,10/03/2020,Tocantins,0.0
1602,11/03/2020,Tocantins,0.0
1603,12/03/2020,Tocantins,0.0
1604,13/03/2020,Tocantins,0.0
1605,14/03/2020,Tocantins,0.0
1606,15/03/2020,Tocantins,0.0
1607,16/03/2020,Tocantins,0.0
1608,17/03/2020,Tocantins,0.0
1609,18/03/2020,Tocantins,0.0
1610,19/03/2020,Tocantins,0.06357820691654598
1611,20/03/2020,Tocantins,0.06357820691654598
1612,21/03/2020,Tocantins,0.12715641383309195
1613,22/03/2020,Tocantins,0.12715641383309195
1614,23/03/2020,Tocantins,0.3178910345827299
1615,24/03/2020,Tocantins,0.44504744841582183
1616,25/03/2020,Tocantins,0.44504744841582183
1617,26/03/2020,Tocantins,0.44504744841582183
1618,27/03/2020,Tocantins,0.5086256553323678
1619,28/03/2020,Tocantins,0.5722038622489137
1620,29/03/2020,Tocantins,0.5722038622489137
1621,30/03/2020,Tocantins,0.6357820691654598
1622,31/03/2020,Tocantins,0.6993602760820057
1623,01/04/2020,Tocantins,0.7629384829985517
1624,02/04/2020,Tocantins,0.7629384829985517
1625,03/04/2020,Tocantins,0.7629384829985517
1626,04/04/2020,Tocantins,0.8900948968316437
1627,05/04/2020,Tocantins,1.0808295175812817
1628,06/04/2020,Tocantins,1.0808295175812817
1629,07/04/2020,Tocantins,1.2079859314143735
1630,08/04/2020,Tocantins,1.4622987590805574
1631,09/04/2020,Tocantins,1.4622987590805574
1632,10/04/2020,Tocantins,1.4622987590805574
1633,11/04/2020,Tocantins,1.4622987590805574
1634,12/04/2020,Tocantins,1.5894551729136495
1635,13/04/2020,Tocantins,1.6530333798301953
1636,14/04/2020,Tocantins,1.6530333798301953
1637,15/04/2020,Tocantins,1.6530333798301953
1638,16/04/2020,Tocantins,1.8437680005798331
1639,17/04/2020,Tocantins,1.9709244144129252
1640,18/04/2020,Tocantins,2.098080828246017
1641,19/04/2020,Tocantins,2.098080828246017
1642,20/04/2020,Tocantins,2.1616590351625633
1643,21/04/2020,Tocantins,2.352393655912201
1644,22/04/2020,Tocantins,2.352393655912201
1645,23/04/2020,Tocantins,2.352393655912201
1646,24/04/2020,Tocantins,2.733862897411477
