,Semana,Municipio,Casos Novos,Casos Acumulados,Início da semana
0,1,Angra dos Reis,0.0,0.0,27/02/2020
1,1,Aperibé,0.0,0.0,27/02/2020
2,1,Araruama,0.0,0.0,27/02/2020
3,1,Areal,0.0,0.0,27/02/2020
4,1,Armação dos Búzios,0.0,0.0,27/02/2020
5,1,Arraial do Cabo,0.0,0.0,27/02/2020
6,1,Barra do Piraí,0.0,0.0,27/02/2020
7,1,Barra Mansa,0.5422640609070993,0.5422640609070993,27/02/2020
8,1,Belford Roxo,0.0,0.3914614430051712,27/02/2020
9,1,Bom Jardim,0.0,0.0,27/02/2020
10,1,Bom Jesus do Itabapoana,0.0,0.0,27/02/2020
11,1,Cabo Frio,0.0,0.0,27/02/2020
12,1,Cachoeiras de Macacu,0.0,0.0,27/02/2020
13,1,Cambuci,0.0,0.0,27/02/2020
14,1,Carapebus,0.0,0.0,27/02/2020
15,1,Comendador Levy Gasparian,0.0,0.0,27/02/2020
16,1,Campos dos Goytacazes,0.0,0.0,27/02/2020
17,1,Cantagalo,0.0,0.0,27/02/2020
18,1,Cardoso Moreira,0.0,0.0,27/02/2020
19,1,Carmo,0.0,0.0,27/02/2020
20,1,Casimiro de Abreu,0.0,2.263262719536484,27/02/2020
21,1,Conceição de Macabu,0.0,0.0,27/02/2020
22,1,Cordeiro,0.0,0.0,27/02/2020
23,1,Duas Barras,0.0,0.0,27/02/2020
24,1,Duque de Caxias,0.0,0.9786906424125377,27/02/2020
25,1,Engenheiro Paulo de Frontin,0.0,0.0,27/02/2020
26,1,Guapimirim,0.0,0.0,27/02/2020
27,1,Iguaba Grande,0.0,0.0,27/02/2020
28,1,Itaboraí,0.0,0.0,27/02/2020
29,1,Itaguaí,0.0,0.0,27/02/2020
30,1,Italva,0.0,0.0,27/02/2020
31,1,Itaocara,0.0,0.0,27/02/2020
32,1,Itaperuna,0.0,0.0,27/02/2020
33,1,Itatiaia,0.0,0.0,27/02/2020
34,1,Japeri,0.0,0.0,27/02/2020
35,1,Laje do Muriaé,0.0,0.0,27/02/2020
36,1,Macaé,0.0,3.1168183518264554,27/02/2020
37,1,Macuco,0.0,0.0,27/02/2020
38,1,Magé,0.0,0.8160900310522257,27/02/2020
39,1,Mangaratiba,0.0,0.0,27/02/2020
40,1,Maricá,0.6203204575483695,0.6203204575483695,27/02/2020
41,1,Mendes,0.0,0.0,27/02/2020
42,1,Mesquita,0.0,0.5678494971692702,27/02/2020
43,1,Miguel Pereira,0.0,0.0,27/02/2020
44,1,Miracema,0.0,0.0,27/02/2020
45,1,Natividade,0.0,0.0,27/02/2020
46,1,Nilópolis,0.0,0.0,27/02/2020
47,1,Niterói,0.0,4.478332658338266,27/02/2020
48,1,Nova Friburgo,0.0,0.5245736527637163,27/02/2020
49,1,Nova Iguaçu,0.0,0.12178369267641585,27/02/2020
50,1,Paracambi,0.0,0.0,27/02/2020
51,1,Paraíba do Sul,0.0,0.0,27/02/2020
52,1,Paraty,0.0,0.0,27/02/2020
53,1,Paty do Alferes,0.0,0.0,27/02/2020
54,1,Petrópolis,0.0,6.205277098281791,27/02/2020
55,1,Pinheiral,0.0,0.0,27/02/2020
56,1,Piraí,0.0,0.0,27/02/2020
57,1,Porciúncula,0.0,0.0,27/02/2020
58,1,Porto Real,0.0,0.0,27/02/2020
59,1,Quatis,0.0,0.0,27/02/2020
60,1,Queimados,0.0,1.330503795262076,27/02/2020
61,1,Quissamã,0.0,0.0,27/02/2020
62,1,Resende,0.0,1.522753747877662,27/02/2020
63,1,Rio Bonito,0.0,0.0,27/02/2020
64,1,Rio Claro,0.0,0.0,27/02/2020
65,1,Rio das Flores,0.0,0.0,27/02/2020
66,1,Rio das Ostras,0.0,1.3273690218617678,27/02/2020
67,1,Rio de Janeiro,0.044650146013419156,3.527361535060113,27/02/2020
68,1,Santa Maria Madalena,0.0,0.0,27/02/2020
69,1,Santo Antônio de Pádua,0.0,0.0,27/02/2020
70,1,São Francisco de Itabapoana,0.0,0.0,27/02/2020
71,1,São Fidélis,0.0,0.0,27/02/2020
72,1,São Gonçalo,0.0,0.36871830750922485,27/02/2020
73,1,São João da Barra,0.0,0.0,27/02/2020
74,1,São João de Meriti,0.0,0.4233646482051456,27/02/2020
75,1,São José de Ubá,0.0,0.0,27/02/2020
76,1,São José do Vale do Rio Preto,0.0,0.0,27/02/2020
77,1,São Pedro da Aldeia,0.0,0.0,27/02/2020
78,1,São Sebastião do Alto,0.0,0.0,27/02/2020
79,1,Sapucaia,0.0,5.486065393899495,27/02/2020
80,1,Saquarema,0.0,0.0,27/02/2020
81,1,Seropédica,0.0,1.214889688016328,27/02/2020
82,1,Silva Jardim,0.0,0.0,27/02/2020
83,1,Sumidouro,0.0,0.0,27/02/2020
84,1,Tanguá,0.0,0.0,27/02/2020
85,1,Teresópolis,0.0,0.0,27/02/2020
86,1,Trajano de Moraes,0.0,0.0,27/02/2020
87,1,Três Rios,0.0,1.2224341108014278,27/02/2020
88,1,Valença,0.0,0.0,27/02/2020
89,1,Varre-Sai,0.0,0.0,27/02/2020
90,1,Vassouras,0.0,0.0,27/02/2020
91,1,Volta Redonda,0.3662842658930743,1.8314213294653714,27/02/2020
92,2,Angra dos Reis,0.0,0.0,05/03/2020
93,2,Aperibé,0.0,0.0,05/03/2020
94,2,Araruama,0.0,0.0,05/03/2020
95,2,Areal,0.0,0.0,05/03/2020
96,2,Armação dos Búzios,0.0,0.0,05/03/2020
97,2,Arraial do Cabo,0.0,0.0,05/03/2020
98,2,Barra do Piraí,0.0,0.0,05/03/2020
99,2,Barra Mansa,0.0,0.5422640609070993,05/03/2020
100,2,Belford Roxo,0.0,0.3914614430051712,05/03/2020
101,2,Bom Jardim,0.0,0.0,05/03/2020
102,2,Bom Jesus do Itabapoana,0.0,0.0,05/03/2020
103,2,Cabo Frio,0.0,0.0,05/03/2020
104,2,Cachoeiras de Macacu,0.0,0.0,05/03/2020
105,2,Cambuci,0.0,0.0,05/03/2020
106,2,Carapebus,0.0,0.0,05/03/2020
107,2,Comendador Levy Gasparian,0.0,0.0,05/03/2020
108,2,Campos dos Goytacazes,0.0,0.0,05/03/2020
109,2,Cantagalo,0.0,0.0,05/03/2020
110,2,Cardoso Moreira,0.0,0.0,05/03/2020
111,2,Carmo,0.0,0.0,05/03/2020
112,2,Casimiro de Abreu,0.0,2.263262719536484,05/03/2020
113,2,Conceição de Macabu,0.0,0.0,05/03/2020
114,2,Cordeiro,0.0,0.0,05/03/2020
115,2,Duas Barras,0.0,0.0,05/03/2020
116,2,Duque de Caxias,0.0,0.9786906424125377,05/03/2020
117,2,Engenheiro Paulo de Frontin,0.0,0.0,05/03/2020
118,2,Guapimirim,0.0,0.0,05/03/2020
119,2,Iguaba Grande,0.0,0.0,05/03/2020
120,2,Itaboraí,0.0,0.0,05/03/2020
121,2,Itaguaí,0.0,0.0,05/03/2020
122,2,Italva,0.0,0.0,05/03/2020
123,2,Itaocara,0.0,0.0,05/03/2020
124,2,Itaperuna,0.0,0.0,05/03/2020
125,2,Itatiaia,0.0,0.0,05/03/2020
126,2,Japeri,0.0,0.0,05/03/2020
127,2,Laje do Muriaé,0.0,0.0,05/03/2020
128,2,Macaé,0.0,3.1168183518264554,05/03/2020
129,2,Macuco,0.0,0.0,05/03/2020
130,2,Magé,0.0,0.8160900310522257,05/03/2020
131,2,Mangaratiba,0.0,0.0,05/03/2020
132,2,Maricá,0.0,0.6203204575483695,05/03/2020
133,2,Mendes,0.0,0.0,05/03/2020
134,2,Mesquita,0.0,0.5678494971692702,05/03/2020
135,2,Miguel Pereira,0.0,0.0,05/03/2020
136,2,Miracema,0.0,0.0,05/03/2020
137,2,Natividade,0.0,0.0,05/03/2020
138,2,Nilópolis,0.0,0.0,05/03/2020
139,2,Niterói,0.5841303467397738,5.0624630050780395,05/03/2020
140,2,Nova Friburgo,0.0,0.5245736527637163,05/03/2020
141,2,Nova Iguaçu,0.0,0.12178369267641585,05/03/2020
142,2,Paracambi,0.0,0.0,05/03/2020
143,2,Paraíba do Sul,0.0,0.0,05/03/2020
144,2,Paraty,0.0,0.0,05/03/2020
145,2,Paty do Alferes,0.0,0.0,05/03/2020
146,2,Petrópolis,0.6531870629770307,6.858464161258822,05/03/2020
147,2,Pinheiral,0.0,0.0,05/03/2020
148,2,Piraí,0.0,0.0,05/03/2020
149,2,Porciúncula,0.0,0.0,05/03/2020
150,2,Porto Real,0.0,0.0,05/03/2020
151,2,Quatis,0.0,0.0,05/03/2020
152,2,Queimados,0.0,1.330503795262076,05/03/2020
153,2,Quissamã,0.0,0.0,05/03/2020
154,2,Resende,0.0,1.522753747877662,05/03/2020
155,2,Rio Bonito,0.0,0.0,05/03/2020
156,2,Rio Claro,0.0,0.0,05/03/2020
157,2,Rio das Flores,0.0,0.0,05/03/2020
158,2,Rio das Ostras,0.0,1.3273690218617678,05/03/2020
159,2,Rio de Janeiro,0.3869679321162993,3.988746377198778,05/03/2020
160,2,Santa Maria Madalena,0.0,0.0,05/03/2020
161,2,Santo Antônio de Pádua,0.0,0.0,05/03/2020
162,2,São Francisco de Itabapoana,0.0,0.0,05/03/2020
163,2,São Fidélis,0.0,0.0,05/03/2020
164,2,São Gonçalo,0.0,0.36871830750922485,05/03/2020
165,2,São João da Barra,0.0,0.0,05/03/2020
166,2,São João de Meriti,0.0,0.4233646482051456,05/03/2020
167,2,São José de Ubá,0.0,0.0,05/03/2020
168,2,São José do Vale do Rio Preto,0.0,0.0,05/03/2020
169,2,São Pedro da Aldeia,0.0,0.0,05/03/2020
170,2,São Sebastião do Alto,0.0,0.0,05/03/2020
171,2,Sapucaia,0.0,5.486065393899495,05/03/2020
172,2,Saquarema,0.0,0.0,05/03/2020
173,2,Seropédica,0.0,1.214889688016328,05/03/2020
174,2,Silva Jardim,0.0,0.0,05/03/2020
175,2,Sumidouro,0.0,0.0,05/03/2020
176,2,Tanguá,0.0,0.0,05/03/2020
177,2,Teresópolis,0.0,0.0,05/03/2020
178,2,Trajano de Moraes,0.0,0.0,05/03/2020
179,2,Três Rios,0.0,1.2224341108014278,05/03/2020
180,2,Valença,0.0,0.0,05/03/2020
181,2,Varre-Sai,0.0,0.0,05/03/2020
182,2,Vassouras,0.0,0.0,05/03/2020
183,2,Volta Redonda,0.3662842658930743,2.1977055953584457,05/03/2020
184,3,Angra dos Reis,0.4907132517113625,0.4907132517113625,12/03/2020
185,3,Aperibé,0.0,0.0,12/03/2020
186,3,Araruama,0.0,0.0,12/03/2020
187,3,Areal,0.0,0.0,12/03/2020
188,3,Armação dos Búzios,0.0,0.0,12/03/2020
189,3,Arraial do Cabo,0.0,0.0,12/03/2020
190,3,Barra do Piraí,0.0,0.0,12/03/2020
191,3,Barra Mansa,0.0,0.5422640609070993,12/03/2020
192,3,Belford Roxo,0.0,0.3914614430051712,12/03/2020
193,3,Bom Jardim,0.0,0.0,12/03/2020
194,3,Bom Jesus do Itabapoana,0.0,0.0,12/03/2020
195,3,Cabo Frio,0.0,0.0,12/03/2020
196,3,Cachoeiras de Macacu,0.0,0.0,12/03/2020
197,3,Cambuci,0.0,0.0,12/03/2020
198,3,Carapebus,0.0,0.0,12/03/2020
199,3,Comendador Levy Gasparian,0.0,0.0,12/03/2020
200,3,Campos dos Goytacazes,0.0,0.0,12/03/2020
201,3,Cantagalo,0.0,0.0,12/03/2020
202,3,Cardoso Moreira,0.0,0.0,12/03/2020
203,3,Carmo,0.0,0.0,12/03/2020
204,3,Casimiro de Abreu,0.0,2.263262719536484,12/03/2020
205,3,Conceição de Macabu,0.0,0.0,12/03/2020
206,3,Cordeiro,0.0,0.0,12/03/2020
207,3,Duas Barras,0.0,0.0,12/03/2020
208,3,Duque de Caxias,0.0,0.9786906424125377,12/03/2020
209,3,Engenheiro Paulo de Frontin,0.0,0.0,12/03/2020
210,3,Guapimirim,1.6524282433035344,1.6524282433035344,12/03/2020
211,3,Iguaba Grande,3.532320734722713,3.532320734722713,12/03/2020
212,3,Itaboraí,0.0,0.0,12/03/2020
213,3,Itaguaí,0.0,0.0,12/03/2020
214,3,Italva,0.0,0.0,12/03/2020
215,3,Itaocara,0.0,0.0,12/03/2020
216,3,Itaperuna,0.0,0.0,12/03/2020
217,3,Itatiaia,0.0,0.0,12/03/2020
218,3,Japeri,0.0,0.0,12/03/2020
219,3,Laje do Muriaé,0.0,0.0,12/03/2020
220,3,Macaé,0.0,3.1168183518264554,12/03/2020
221,3,Macuco,0.0,0.0,12/03/2020
222,3,Magé,0.0,0.8160900310522257,12/03/2020
223,3,Mangaratiba,0.0,2.248808131690204,12/03/2020
224,3,Maricá,0.0,0.6203204575483695,12/03/2020
225,3,Mendes,0.0,0.0,12/03/2020
226,3,Mesquita,0.0,0.5678494971692702,12/03/2020
227,3,Miguel Pereira,3.9157334168689797,3.9157334168689797,12/03/2020
228,3,Miracema,0.0,0.0,12/03/2020
229,3,Natividade,0.0,0.0,12/03/2020
230,3,Nilópolis,0.0,0.0,12/03/2020
231,3,Niterói,2.7259416181189446,8.956665316676531,12/03/2020
232,3,Nova Friburgo,0.0,1.0491473055274325,12/03/2020
233,3,Nova Iguaçu,0.36535107802924754,0.4871347707056634,12/03/2020
234,3,Paracambi,0.0,0.0,12/03/2020
235,3,Paraíba do Sul,0.0,0.0,12/03/2020
236,3,Paraty,0.0,0.0,12/03/2020
237,3,Paty do Alferes,0.0,0.0,12/03/2020
238,3,Petrópolis,0.32659353148851533,7.838244755724368,12/03/2020
239,3,Pinheiral,0.0,0.0,12/03/2020
240,3,Piraí,0.0,0.0,12/03/2020
241,3,Porciúncula,0.0,0.0,12/03/2020
242,3,Porto Real,0.0,0.0,12/03/2020
243,3,Quatis,0.0,0.0,12/03/2020
244,3,Queimados,0.0,1.995755692893114,12/03/2020
245,3,Quissamã,0.0,4.048582995951417,12/03/2020
246,3,Resende,0.0,1.522753747877662,12/03/2020
247,3,Rio Bonito,1.6611019750502483,3.3222039501004965,12/03/2020
248,3,Rio Claro,0.0,0.0,12/03/2020
249,3,Rio das Flores,0.0,0.0,12/03/2020
250,3,Rio das Ostras,0.0,1.3273690218617678,12/03/2020
251,3,Rio de Janeiro,1.399037908420467,5.5217347236595025,12/03/2020
252,3,Santa Maria Madalena,0.0,0.0,12/03/2020
253,3,Santo Antônio de Pádua,0.0,0.0,12/03/2020
254,3,São Francisco de Itabapoana,0.0,0.0,12/03/2020
255,3,São Fidélis,0.0,0.0,12/03/2020
256,3,São Gonçalo,0.09217957687730621,0.5530774612638373,12/03/2020
257,3,São João da Barra,0.0,0.0,12/03/2020
258,3,São João de Meriti,0.0,0.4233646482051456,12/03/2020
259,3,São José de Ubá,0.0,0.0,12/03/2020
260,3,São José do Vale do Rio Preto,0.0,0.0,12/03/2020
261,3,São Pedro da Aldeia,0.0,0.0,12/03/2020
262,3,São Sebastião do Alto,0.0,0.0,12/03/2020
263,3,Sapucaia,0.0,5.486065393899495,12/03/2020
264,3,Saquarema,0.0,0.0,12/03/2020
265,3,Seropédica,0.0,1.214889688016328,12/03/2020
266,3,Silva Jardim,0.0,0.0,12/03/2020
267,3,Sumidouro,0.0,0.0,12/03/2020
268,3,Tanguá,0.0,0.0,12/03/2020
269,3,Teresópolis,1.095326242921454,1.095326242921454,12/03/2020
270,3,Trajano de Moraes,0.0,0.0,12/03/2020
271,3,Três Rios,0.0,1.2224341108014278,12/03/2020
272,3,Valença,0.0,0.0,12/03/2020
273,3,Varre-Sai,0.0,0.0,12/03/2020
274,3,Vassouras,0.0,0.0,12/03/2020
275,3,Volta Redonda,1.8314213294653714,4.761695456609966,12/03/2020
276,4,Angra dos Reis,0.4907132517113625,0.981426503422725,19/03/2020
277,4,Aperibé,0.0,0.0,19/03/2020
278,4,Araruama,0.0,0.0,19/03/2020
279,4,Areal,0.0,0.0,19/03/2020
280,4,Armação dos Búzios,0.0,0.0,19/03/2020
281,4,Arraial do Cabo,3.295001482750667,3.295001482750667,19/03/2020
282,4,Barra do Piraí,0.0,0.0,19/03/2020
283,4,Barra Mansa,1.0845281218141987,1.6267921827212979,19/03/2020
284,4,Belford Roxo,0.1957307215025856,1.1743843290155136,19/03/2020
285,4,Bom Jardim,0.0,0.0,19/03/2020
286,4,Bom Jesus do Itabapoana,0.0,0.0,19/03/2020
287,4,Cabo Frio,0.45482868877437316,0.45482868877437316,19/03/2020
288,4,Cachoeiras de Macacu,0.0,0.0,19/03/2020
289,4,Cambuci,0.0,0.0,19/03/2020
290,4,Carapebus,0.0,0.0,19/03/2020
291,4,Comendador Levy Gasparian,0.0,0.0,19/03/2020
292,4,Campos dos Goytacazes,0.5910771000969366,0.5910771000969366,19/03/2020
293,4,Cantagalo,0.0,0.0,19/03/2020
294,4,Cardoso Moreira,0.0,0.0,19/03/2020
295,4,Carmo,0.0,0.0,19/03/2020
296,4,Casimiro de Abreu,0.0,2.263262719536484,19/03/2020
297,4,Conceição de Macabu,0.0,0.0,19/03/2020
298,4,Cordeiro,0.0,0.0,19/03/2020
299,4,Duas Barras,0.0,0.0,19/03/2020
300,4,Duque de Caxias,0.6524604282750252,1.9573812848250753,19/03/2020
301,4,Engenheiro Paulo de Frontin,0.0,0.0,19/03/2020
302,4,Guapimirim,0.0,1.6524282433035344,19/03/2020
303,4,Iguaba Grande,3.532320734722713,7.064641469445426,19/03/2020
304,4,Itaboraí,2.4938485070160272,3.325131342688036,19/03/2020
305,4,Itaguaí,0.0,0.7517723032048054,19/03/2020
306,4,Italva,0.0,0.0,19/03/2020
307,4,Itaocara,0.0,0.0,19/03/2020
308,4,Itaperuna,0.0,0.0,19/03/2020
309,4,Itatiaia,0.0,0.0,19/03/2020
310,4,Japeri,0.0,0.0,19/03/2020
311,4,Laje do Muriaé,0.0,0.0,19/03/2020
312,4,Macaé,1.9480114698915347,5.06482982171799,19/03/2020
313,4,Macuco,0.0,0.0,19/03/2020
314,4,Magé,0.0,0.8160900310522257,19/03/2020
315,4,Mangaratiba,4.497616263380408,4.497616263380408,19/03/2020
316,4,Maricá,0.6203204575483695,1.8609613726451084,19/03/2020
317,4,Mendes,0.0,0.0,19/03/2020
318,4,Mesquita,0.0,1.1356989943385405,19/03/2020
319,4,Miguel Pereira,0.0,3.9157334168689797,19/03/2020
320,4,Miracema,0.0,0.0,19/03/2020
321,4,Natividade,0.0,0.0,19/03/2020
322,4,Nilópolis,1.2308828507246823,2.4617657014493646,19/03/2020
323,4,Niterói,7.009564160877286,14.992678899654194,19/03/2020
324,4,Nova Friburgo,1.5737209582911489,2.098294611054865,19/03/2020
325,4,Nova Iguaçu,1.4614043121169902,2.0703227754990694,19/03/2020
326,4,Paracambi,0.0,1.9136192280460034,19/03/2020
327,4,Paraíba do Sul,4.5162018742237775,4.5162018742237775,19/03/2020
328,4,Paraty,0.0,0.0,19/03/2020
329,4,Paty do Alferes,3.601137959595232,3.601137959595232,19/03/2020
330,4,Petrópolis,1.959561188931092,9.471212413166946,19/03/2020
331,4,Pinheiral,0.0,0.0,19/03/2020
332,4,Piraí,0.0,0.0,19/03/2020
333,4,Porciúncula,0.0,0.0,19/03/2020
334,4,Porto Real,0.0,0.0,19/03/2020
335,4,Quatis,0.0,0.0,19/03/2020
336,4,Queimados,0.665251897631038,1.995755692893114,19/03/2020
337,4,Quissamã,4.048582995951417,4.048582995951417,19/03/2020
338,4,Resende,1.522753747877662,3.045507495755324,19/03/2020
339,4,Rio Bonito,1.6611019750502483,3.3222039501004965,19/03/2020
340,4,Rio Claro,0.0,0.0,19/03/2020
341,4,Rio das Flores,0.0,0.0,19/03/2020
342,4,Rio das Ostras,0.6636845109308839,1.9910535327926517,19/03/2020
343,4,Rio de Janeiro,3.0659766929214487,9.034212876715142,19/03/2020
344,4,Santa Maria Madalena,0.0,0.0,19/03/2020
345,4,Santo Antônio de Pádua,0.0,0.0,19/03/2020
346,4,São Francisco de Itabapoana,0.0,0.0,19/03/2020
347,4,São Fidélis,0.0,0.0,19/03/2020
348,4,São Gonçalo,1.1061549225276746,1.8435915375461243,19/03/2020
349,4,São João da Barra,0.0,0.0,19/03/2020
350,4,São João de Meriti,0.4233646482051456,0.8467292964102912,19/03/2020
351,4,São José de Ubá,0.0,0.0,19/03/2020
352,4,São José do Vale do Rio Preto,0.0,0.0,19/03/2020
353,4,São Pedro da Aldeia,0.9571576247176385,1.914315249435277,19/03/2020
354,4,São Sebastião do Alto,0.0,0.0,19/03/2020
355,4,Sapucaia,0.0,5.486065393899495,19/03/2020
356,4,Saquarema,0.0,0.0,19/03/2020
357,4,Seropédica,0.0,1.214889688016328,19/03/2020
358,4,Silva Jardim,0.0,0.0,19/03/2020
359,4,Sumidouro,0.0,0.0,19/03/2020
360,4,Tanguá,0.0,0.0,19/03/2020
361,4,Teresópolis,1.095326242921454,2.7383156073036354,19/03/2020
362,4,Trajano de Moraes,0.0,0.0,19/03/2020
363,4,Três Rios,0.0,1.2224341108014278,19/03/2020
364,4,Valença,0.0,1.306796649373391,19/03/2020
365,4,Varre-Sai,0.0,0.0,19/03/2020
366,4,Vassouras,0.0,0.0,19/03/2020
367,4,Volta Redonda,7.325685317861486,12.087380774471452,19/03/2020
368,5,Angra dos Reis,0.4907132517113625,1.4721397551340873,26/03/2020
369,5,Aperibé,0.0,0.0,26/03/2020
370,5,Araruama,1.5105740181268883,1.5105740181268883,26/03/2020
371,5,Areal,0.0,0.0,26/03/2020
372,5,Armação dos Búzios,0.0,0.0,26/03/2020
373,5,Arraial do Cabo,0.0,3.295001482750667,26/03/2020
374,5,Barra do Piraí,2.9888218064439,2.9888218064439,26/03/2020
375,5,Barra Mansa,2.1690562436283973,3.7958484263496954,26/03/2020
376,5,Belford Roxo,2.935960822538784,4.3060758730568836,26/03/2020
377,5,Bom Jardim,3.643518181155724,3.643518181155724,26/03/2020
378,5,Bom Jesus do Itabapoana,2.6957084321759757,2.6957084321759757,26/03/2020
379,5,Cabo Frio,0.9096573775487463,1.8193147550974926,26/03/2020
380,5,Cachoeiras de Macacu,0.0,1.6967270135907835,26/03/2020
381,5,Cambuci,0.0,0.0,26/03/2020
382,5,Carapebus,0.0,0.0,26/03/2020
383,5,Comendador Levy Gasparian,0.0,0.0,26/03/2020
384,5,Campos dos Goytacazes,0.1970257000323122,0.7881028001292488,26/03/2020
385,5,Cantagalo,0.0,4.9573666468372,26/03/2020
386,5,Cardoso Moreira,0.0,0.0,26/03/2020
387,5,Carmo,0.0,0.0,26/03/2020
388,5,Casimiro de Abreu,2.263262719536484,11.316313597682418,26/03/2020
389,5,Conceição de Macabu,0.0,0.0,26/03/2020
390,5,Cordeiro,0.0,0.0,26/03/2020
391,5,Duas Barras,0.0,0.0,26/03/2020
392,5,Duque de Caxias,2.936071927237613,5.110940021487696,26/03/2020
393,5,Engenheiro Paulo de Frontin,0.0,0.0,26/03/2020
394,5,Guapimirim,3.304856486607069,4.9572847299106035,26/03/2020
395,5,Iguaba Grande,3.532320734722713,10.596962204168138,26/03/2020
396,5,Itaboraí,4.57205559619605,7.481545521048082,26/03/2020
397,5,Itaguaí,3.7588615160240266,3.7588615160240266,26/03/2020
398,5,Italva,0.0,0.0,26/03/2020
399,5,Itaocara,0.0,0.0,26/03/2020
400,5,Itaperuna,0.9687669534216848,2.9063008602650546,26/03/2020
401,5,Itatiaia,0.0,0.0,26/03/2020
402,5,Japeri,0.9544899205864386,0.9544899205864386,26/03/2020
403,5,Laje do Muriaé,0.0,0.0,26/03/2020
404,5,Macaé,1.1688068819349209,6.233636703652911,26/03/2020
405,5,Macuco,0.0,0.0,26/03/2020
406,5,Magé,2.040225077630564,3.6724051397350155,26/03/2020
407,5,Mangaratiba,2.248808131690204,6.746424395070613,26/03/2020
408,5,Maricá,4.962563660386956,6.823525033032064,26/03/2020
409,5,Mendes,0.0,0.0,26/03/2020
410,5,Mesquita,5.110645474523432,6.246344468861973,26/03/2020
411,5,Miguel Pereira,0.0,3.9157334168689797,26/03/2020
412,5,Miracema,0.0,0.0,26/03/2020
413,5,Natividade,0.0,0.0,26/03/2020
414,5,Nilópolis,3.0772071268117056,5.538972828261071,26/03/2020
415,5,Niterói,7.983114738776909,23.17050375401103,26/03/2020
416,5,Nova Friburgo,2.6228682638185816,6.2948838331645955,26/03/2020
417,5,Nova Iguaçu,4.140645550998139,7.06345417523212,26/03/2020
418,5,Paracambi,1.9136192280460034,3.8272384560920067,26/03/2020
419,5,Paraíba do Sul,2.2581009371118888,6.774302811335667,26/03/2020
420,5,Paraty,0.0,0.0,26/03/2020
421,5,Paty do Alferes,3.601137959595232,7.202275919190464,26/03/2020
422,5,Petrópolis,3.919122377862184,13.39033479102913,26/03/2020
423,5,Pinheiral,0.0,0.0,26/03/2020
424,5,Piraí,0.0,0.0,26/03/2020
425,5,Porciúncula,5.3058842256061975,5.3058842256061975,26/03/2020
426,5,Porto Real,5.080526342529086,5.080526342529086,26/03/2020
427,5,Quatis,13.984058173682003,13.984058173682003,26/03/2020
428,5,Queimados,6.65251897631038,9.313526566834533,26/03/2020
429,5,Quissamã,0.0,4.048582995951417,26/03/2020
430,5,Resende,2.2841306218164927,5.329638117571817,26/03/2020
431,5,Rio Bonito,4.983305925150745,8.305509875251241,26/03/2020
432,5,Rio Claro,0.0,0.0,26/03/2020
433,5,Rio das Flores,0.0,10.771219302024988,26/03/2020
434,5,Rio das Ostras,1.3273690218617678,3.3184225546544193,26/03/2020
435,5,Rio de Janeiro,7.307740564196268,16.38660358692483,26/03/2020
436,5,Santa Maria Madalena,0.0,0.0,26/03/2020
437,5,Santo Antônio de Pádua,0.0,0.0,26/03/2020
438,5,São Francisco de Itabapoana,0.0,0.0,26/03/2020
439,5,São Fidélis,0.0,0.0,26/03/2020
440,5,São Gonçalo,3.041926036951105,4.793337997619924,26/03/2020
441,5,São João da Barra,2.769929643787048,2.769929643787048,26/03/2020
442,5,São João de Meriti,1.4817762687180096,2.963552537436019,26/03/2020
443,5,São José de Ubá,0.0,0.0,26/03/2020
444,5,São José do Vale do Rio Preto,0.0,0.0,26/03/2020
445,5,São Pedro da Aldeia,1.914315249435277,2.8714728741529156,26/03/2020
446,5,São Sebastião do Alto,0.0,0.0,26/03/2020
447,5,Sapucaia,5.486065393899495,10.97213078779899,26/03/2020
448,5,Saquarema,0.0,0.0,26/03/2020
449,5,Seropédica,1.214889688016328,2.429779376032656,26/03/2020
450,5,Silva Jardim,0.0,0.0,26/03/2020
451,5,Sumidouro,0.0,0.0,26/03/2020
452,5,Tanguá,0.0,2.91468710833892,26/03/2020
453,5,Teresópolis,2.190652485842908,4.928968093146544,26/03/2020
454,5,Trajano de Moraes,0.0,0.0,26/03/2020
455,5,Três Rios,2.4448682216028557,3.6673023324042835,26/03/2020
456,5,Valença,2.613593298746782,2.613593298746782,26/03/2020
457,5,Varre-Sai,0.0,0.0,26/03/2020
458,5,Vassouras,0.0,0.0,26/03/2020
459,5,Volta Redonda,9.523390913219933,22.709624485370608,26/03/2020
460,6,Angra dos Reis,1.96285300684545,3.434992761979537,02/04/2020
461,6,Aperibé,0.0,0.0,02/04/2020
462,6,Araruama,3.7764350453172204,6.042296072507553,02/04/2020
463,6,Areal,0.0,0.0,02/04/2020
464,6,Armação dos Búzios,0.0,2.467186420605941,02/04/2020
465,6,Arraial do Cabo,3.295001482750667,9.885004448252001,02/04/2020
466,6,Barra do Piraí,2.9888218064439,7.9701914838503995,02/04/2020
467,6,Barra Mansa,2.7113203045354966,8.13396091360649,02/04/2020
468,6,Belford Roxo,6.850575252590496,11.352381847149966,02/04/2020
469,6,Bom Jardim,3.643518181155724,7.287036362311448,02/04/2020
470,6,Bom Jesus do Itabapoana,5.391416864351951,10.782833728703903,02/04/2020
471,6,Cabo Frio,2.2741434438718655,3.6386295101949853,02/04/2020
472,6,Cachoeiras de Macacu,5.09018104077235,6.786908054363134,02/04/2020
473,6,Cambuci,0.0,0.0,02/04/2020
474,6,Carapebus,0.0,0.0,02/04/2020
475,6,Comendador Levy Gasparian,0.0,0.0,02/04/2020
476,6,Campos dos Goytacazes,0.1970257000323122,0.9851285001615611,02/04/2020
477,6,Cantagalo,4.9573666468372,4.9573666468372,02/04/2020
478,6,Cardoso Moreira,0.0,0.0,02/04/2020
479,6,Carmo,0.0,0.0,02/04/2020
480,6,Casimiro de Abreu,11.316313597682418,15.842839036755386,02/04/2020
481,6,Conceição de Macabu,0.0,0.0,02/04/2020
482,6,Cordeiro,0.0,0.0,02/04/2020
483,6,Duas Barras,0.0,0.0,02/04/2020
484,6,Duque de Caxias,5.763400449762722,12.288004732512974,02/04/2020
485,6,Engenheiro Paulo de Frontin,0.0,0.0,02/04/2020
486,6,Guapimirim,0.0,4.9572847299106035,02/04/2020
487,6,Iguaba Grande,10.596962204168138,21.193924408336276,02/04/2020
488,6,Itaboraí,5.403338431868058,14.131808206424154,02/04/2020
489,6,Itaguaí,0.7517723032048054,4.510633819228832,02/04/2020
490,6,Italva,0.0,0.0,02/04/2020
491,6,Itaocara,0.0,0.0,02/04/2020
492,6,Itaperuna,1.9375339068433697,2.9063008602650546,02/04/2020
493,6,Itatiaia,0.0,3.1441597233139444,02/04/2020
494,6,Japeri,3.8179596823457542,6.681429444105071,02/04/2020
495,6,Laje do Muriaé,0.0,0.0,02/04/2020
496,6,Macaé,0.7792045879566138,7.012841291609525,02/04/2020
497,6,Macuco,0.0,0.0,02/04/2020
498,6,Magé,6.528720248417805,10.609170403678934,02/04/2020
499,6,Mangaratiba,2.248808131690204,11.244040658451022,02/04/2020
500,6,Maricá,10.54544777832228,17.368972811354347,02/04/2020
501,6,Mendes,0.0,0.0,02/04/2020
502,6,Mesquita,14.196237429231756,23.84967888110935,02/04/2020
503,6,Miguel Pereira,7.831466833737959,11.747200250606939,02/04/2020
504,6,Miracema,0.0,0.0,02/04/2020
505,6,Natividade,0.0,0.0,02/04/2020
506,6,Nilópolis,7.385297104348093,12.308828507246822,02/04/2020
507,6,Niterói,3.504782080438643,26.28586560328982,02/04/2020
508,6,Nova Friburgo,6.2948838331645955,11.540620360801759,02/04/2020
509,6,Nova Iguaçu,9.864479106789684,17.04971697469822,02/04/2020
510,6,Paracambi,5.74085768413801,9.568096140230017,02/04/2020
511,6,Paraíba do Sul,0.0,6.774302811335667,02/04/2020
512,6,Paraty,4.6333835283215565,4.6333835283215565,02/04/2020
513,6,Paty do Alferes,0.0,7.202275919190464,02/04/2020
514,6,Petrópolis,4.89890297232773,18.28923776335686,02/04/2020
515,6,Pinheiral,0.0,0.0,02/04/2020
516,6,Piraí,6.8313010212795025,6.8313010212795025,02/04/2020
517,6,Porciúncula,0.0,5.3058842256061975,02/04/2020
518,6,Porto Real,5.080526342529086,10.161052685058172,02/04/2020
519,6,Quatis,0.0,13.984058173682003,02/04/2020
520,6,Queimados,5.322015181048304,15.300793645513874,02/04/2020
521,6,Quissamã,0.0,4.048582995951417,02/04/2020
522,6,Resende,1.522753747877662,6.852391865449479,02/04/2020
523,6,Rio Bonito,1.6611019750502483,9.96661185030149,02/04/2020
524,6,Rio Claro,0.0,0.0,02/04/2020
525,6,Rio das Flores,10.771219302024988,10.771219302024988,02/04/2020
526,6,Rio das Ostras,3.3184225546544193,7.300529620239723,02/04/2020
527,6,Rio de Janeiro,11.549504435471087,28.739810650637462,02/04/2020
528,6,Santa Maria Madalena,0.0,0.0,02/04/2020
529,6,Santo Antônio de Pádua,0.0,0.0,02/04/2020
530,6,São Francisco de Itabapoana,2.369387513327805,2.369387513327805,02/04/2020
531,6,São Fidélis,0.0,7.758152525278647,02/04/2020
532,6,São Gonçalo,3.502823921337636,8.75705980334409,02/04/2020
533,6,São João da Barra,0.0,2.769929643787048,02/04/2020
534,6,São João de Meriti,8.467292964102912,12.91262177025694,02/04/2020
535,6,São José de Ubá,0.0,0.0,02/04/2020
536,6,São José do Vale do Rio Preto,0.0,0.0,02/04/2020
537,6,São Pedro da Aldeia,4.785788123588192,9.571576247176385,02/04/2020
538,6,São Sebastião do Alto,0.0,0.0,02/04/2020
539,6,Sapucaia,0.0,10.97213078779899,02/04/2020
540,6,Saquarema,3.3643602108332398,3.3643602108332398,02/04/2020
541,6,Seropédica,2.429779376032656,4.859558752065312,02/04/2020
542,6,Silva Jardim,0.0,0.0,02/04/2020
543,6,Sumidouro,6.400819304871024,6.400819304871024,02/04/2020
544,6,Tanguá,11.65874843335568,14.573435541694598,02/04/2020
545,6,Teresópolis,5.476631214607271,11.50092555067527,02/04/2020
546,6,Trajano de Moraes,0.0,0.0,02/04/2020
547,6,Três Rios,1.2224341108014278,6.112170554007139,02/04/2020
548,6,Valença,0.0,2.613593298746782,02/04/2020
549,6,Varre-Sai,0.0,0.0,02/04/2020
550,6,Vassouras,0.0,0.0,02/04/2020
551,6,Volta Redonda,18.68049756054679,41.390122045917394,02/04/2020
552,7,Angra dos Reis,0.981426503422725,4.416419265402262,09/04/2020
553,7,Aperibé,0.0,0.0,09/04/2020
554,7,Araruama,8.308157099697885,13.595166163141993,09/04/2020
555,7,Areal,7.954183900731785,7.954183900731785,09/04/2020
556,7,Armação dos Búzios,9.868745682423764,9.868745682423764,09/04/2020
557,7,Arraial do Cabo,3.295001482750667,9.885004448252001,09/04/2020
558,7,Barra do Piraí,4.9813696774065,10.9590132902943,09/04/2020
559,7,Barra Mansa,2.1690562436283973,8.67622497451359,09/04/2020
560,7,Belford Roxo,3.7188837085491264,14.67980411269392,09/04/2020
561,7,Bom Jardim,3.643518181155724,10.930554543467172,09/04/2020
562,7,Bom Jesus do Itabapoana,8.087125296527928,16.174250593055856,09/04/2020
563,7,Cabo Frio,0.9096573775487463,5.003115576518105,09/04/2020
564,7,Cachoeiras de Macacu,3.393454027181567,8.483635067953918,09/04/2020
565,7,Cambuci,0.0,0.0,09/04/2020
566,7,Carapebus,6.134592969756457,6.134592969756457,09/04/2020
567,7,Comendador Levy Gasparian,0.0,0.0,09/04/2020
568,7,Campos dos Goytacazes,0.3940514000646244,1.3791799002261855,09/04/2020
569,7,Cantagalo,0.0,4.9573666468372,09/04/2020
570,7,Cardoso Moreira,0.0,0.0,09/04/2020
571,7,Carmo,0.0,0.0,09/04/2020
572,7,Casimiro de Abreu,6.7897881586094515,22.632627195364837,09/04/2020
573,7,Conceição de Macabu,0.0,0.0,09/04/2020
574,7,Cordeiro,0.0,0.0,09/04/2020
575,7,Duas Barras,0.0,0.0,09/04/2020
576,7,Duque de Caxias,9.134445995850351,19.79129965767576,09/04/2020
577,7,Engenheiro Paulo de Frontin,0.0,0.0,09/04/2020
578,7,Guapimirim,1.6524282433035344,6.609712973214138,09/04/2020
579,7,Iguaba Grande,10.596962204168138,35.323207347227125,09/04/2020
580,7,Itaboraí,8.728469774556094,22.86027798098025,09/04/2020
581,7,Itaguaí,6.014178425638443,10.524812244867274,09/04/2020
582,7,Italva,0.0,0.0,09/04/2020
583,7,Itaocara,0.0,0.0,09/04/2020
584,7,Itaperuna,0.0,2.9063008602650546,09/04/2020
585,7,Itatiaia,6.288319446627889,6.288319446627889,09/04/2020
586,7,Japeri,5.726939523518632,12.408368967623701,09/04/2020
587,7,Laje do Muriaé,0.0,0.0,09/04/2020
588,7,Macaé,0.3896022939783069,7.792045879566139,09/04/2020
589,7,Macuco,0.0,0.0,09/04/2020
590,7,Magé,5.304585201839467,14.689620558940062,09/04/2020
591,7,Mangaratiba,2.248808131690204,11.244040658451022,09/04/2020
592,7,Maricá,6.203204575483695,23.57217738683804,09/04/2020
593,7,Mendes,5.372300419039433,5.372300419039433,09/04/2020
594,7,Mesquita,20.442581898093728,40.317314299018186,09/04/2020
595,7,Miguel Pereira,7.831466833737959,19.578667084344897,09/04/2020
596,7,Miracema,0.0,0.0,09/04/2020
597,7,Natividade,0.0,0.0,09/04/2020
598,7,Nilópolis,5.538972828261071,19.078684186232575,09/04/2020
599,7,Niterói,7.204274276457211,37.1896320757656,09/04/2020
600,7,Nova Friburgo,3.1474419165822978,14.688062277384056,09/04/2020
601,7,Nova Iguaçu,9.133776950731189,25.696359154723744,09/04/2020
602,7,Paracambi,5.74085768413801,15.308953824368027,09/04/2020
603,7,Paraíba do Sul,0.0,6.774302811335667,09/04/2020
604,7,Paraty,4.6333835283215565,9.266767056643113,09/04/2020
605,7,Paty do Alferes,0.0,7.202275919190464,09/04/2020
606,7,Petrópolis,5.552090035304761,23.514734267173104,09/04/2020
607,7,Pinheiral,0.0,0.0,09/04/2020
608,7,Piraí,0.0,6.8313010212795025,09/04/2020
609,7,Porciúncula,0.0,5.3058842256061975,09/04/2020
610,7,Porto Real,5.080526342529086,15.241579027587258,09/04/2020
611,7,Quatis,0.0,13.984058173682003,09/04/2020
612,7,Queimados,5.322015181048304,19.95755692893114,09/04/2020
613,7,Quissamã,8.097165991902834,12.145748987854251,09/04/2020
614,7,Resende,0.761376873938831,7.61376873938831,09/04/2020
615,7,Rio Bonito,6.644407900200993,16.611019750502482,09/04/2020
616,7,Rio Claro,0.0,0.0,09/04/2020
617,7,Rio das Flores,0.0,10.771219302024988,09/04/2020
618,7,Rio das Ostras,7.964214131170607,15.928428262341214,09/04/2020
619,7,Rio de Janeiro,18.29167648349738,47.31427139221983,09/04/2020
620,7,Santa Maria Madalena,0.0,0.0,09/04/2020
621,7,Santo Antônio de Pádua,0.0,0.0,09/04/2020
622,7,São Francisco de Itabapoana,2.369387513327805,4.73877502665561,09/04/2020
623,7,São Fidélis,7.758152525278647,7.758152525278647,09/04/2020
624,7,São Gonçalo,2.396668998809962,10.508471764012908,09/04/2020
625,7,São João da Barra,0.0,2.769929643787048,09/04/2020
626,7,São João de Meriti,8.255610640000338,20.321503113846987,09/04/2020
627,7,São José de Ubá,0.0,0.0,09/04/2020
628,7,São José do Vale do Rio Preto,0.0,0.0,09/04/2020
629,7,São Pedro da Aldeia,2.8714728741529156,10.528733871894023,09/04/2020
630,7,São Sebastião do Alto,0.0,0.0,09/04/2020
631,7,Sapucaia,5.486065393899495,16.458196181698487,09/04/2020
632,7,Saquarema,2.24290680722216,5.6072670180554,09/04/2020
633,7,Seropédica,0.0,4.859558752065312,09/04/2020
634,7,Silva Jardim,0.0,0.0,09/04/2020
635,7,Sumidouro,0.0,6.400819304871024,09/04/2020
636,7,Tanguá,14.573435541694598,26.23218397505028,09/04/2020
637,7,Teresópolis,2.7383156073036354,12.596251793596723,09/04/2020
638,7,Trajano de Moraes,0.0,0.0,09/04/2020
639,7,Três Rios,1.2224341108014278,6.112170554007139,09/04/2020
640,7,Valença,2.613593298746782,5.227186597493564,09/04/2020
641,7,Varre-Sai,0.0,0.0,09/04/2020
642,7,Vassouras,0.0,0.0,09/04/2020
643,7,Volta Redonda,14.651370635722971,55.67520841574729,09/04/2020
644,8,Angra dos Reis,0.0,4.416419265402262,16/04/2020
645,8,Aperibé,0.0,0.0,16/04/2020
646,8,Araruama,0.0,13.595166163141993,16/04/2020
647,8,Areal,0.0,7.954183900731785,16/04/2020
648,8,Armação dos Búzios,0.0,9.868745682423764,16/04/2020
649,8,Arraial do Cabo,0.0,9.885004448252001,16/04/2020
650,8,Barra do Piraí,0.9962739354812999,11.9552872257756,16/04/2020
651,8,Barra Mansa,0.0,8.67622497451359,16/04/2020
652,8,Belford Roxo,1.5658457720206849,15.658457720206847,16/04/2020
653,8,Bom Jardim,0.0,10.930554543467172,16/04/2020
654,8,Bom Jesus do Itabapoana,0.0,16.174250593055856,16/04/2020
655,8,Cabo Frio,0.45482868877437316,5.003115576518105,16/04/2020
656,8,Cachoeiras de Macacu,0.0,8.483635067953918,16/04/2020
657,8,Cambuci,0.0,0.0,16/04/2020
658,8,Carapebus,0.0,6.134592969756457,16/04/2020
659,8,Comendador Levy Gasparian,0.0,0.0,16/04/2020
660,8,Campos dos Goytacazes,0.0,1.3791799002261855,16/04/2020
661,8,Cantagalo,0.0,4.9573666468372,16/04/2020
662,8,Cardoso Moreira,0.0,0.0,16/04/2020
663,8,Carmo,0.0,0.0,16/04/2020
664,8,Casimiro de Abreu,0.0,22.632627195364837,16/04/2020
665,8,Conceição de Macabu,8.610297916307903,8.610297916307903,16/04/2020
666,8,Cordeiro,0.0,0.0,16/04/2020
667,8,Duas Barras,0.0,0.0,16/04/2020
668,8,Duque de Caxias,1.196177451837546,20.661246895375797,16/04/2020
669,8,Engenheiro Paulo de Frontin,0.0,0.0,16/04/2020
670,8,Guapimirim,0.0,6.609712973214138,16/04/2020
671,8,Iguaba Grande,7.064641469445426,38.85552808194984,16/04/2020
672,8,Itaboraí,1.662565671344018,22.86027798098025,16/04/2020
673,8,Itaguaí,0.0,10.524812244867274,16/04/2020
674,8,Italva,0.0,0.0,16/04/2020
675,8,Itaocara,0.0,0.0,16/04/2020
676,8,Itaperuna,0.0,2.9063008602650546,16/04/2020
677,8,Itatiaia,0.0,6.288319446627889,16/04/2020
678,8,Japeri,1.9089798411728771,12.408368967623701,16/04/2020
679,8,Laje do Muriaé,0.0,0.0,16/04/2020
680,8,Macaé,0.7792045879566138,8.181648173544446,16/04/2020
681,8,Macuco,0.0,0.0,16/04/2020
682,8,Magé,0.8160900310522257,15.505710589992288,16/04/2020
683,8,Mangaratiba,0.0,11.244040658451022,16/04/2020
684,8,Maricá,0.6203204575483695,23.57217738683804,16/04/2020
685,8,Mendes,0.0,5.372300419039433,16/04/2020
686,8,Mesquita,1.1356989943385405,41.453013293356726,16/04/2020
687,8,Miguel Pereira,0.0,19.578667084344897,16/04/2020
688,8,Miracema,0.0,0.0,16/04/2020
689,8,Natividade,0.0,0.0,16/04/2020
690,8,Nilópolis,3.6926485521740466,20.9250084623196,16/04/2020
691,8,Niterói,10.903766472475779,44.393906352222814,16/04/2020
692,8,Nova Friburgo,0.5245736527637163,14.688062277384056,16/04/2020
693,8,Nova Iguaçu,2.0703227754990694,27.157763466840738,16/04/2020
694,8,Paracambi,1.9136192280460034,15.308953824368027,16/04/2020
695,8,Paraíba do Sul,0.0,6.774302811335667,16/04/2020
696,8,Paraty,0.0,9.266767056643113,16/04/2020
697,8,Paty do Alferes,0.0,7.202275919190464,16/04/2020
698,8,Petrópolis,0.6531870629770307,24.167921330150136,16/04/2020
699,8,Pinheiral,0.0,0.0,16/04/2020
700,8,Piraí,3.4156505106397512,10.246951531919255,16/04/2020
701,8,Porciúncula,0.0,5.3058842256061975,16/04/2020
702,8,Porto Real,0.0,15.241579027587258,16/04/2020
703,8,Quatis,0.0,13.984058173682003,16/04/2020
704,8,Queimados,1.995755692893114,21.288060724193215,16/04/2020
705,8,Quissamã,0.0,12.145748987854251,16/04/2020
706,8,Resende,0.0,7.61376873938831,16/04/2020
707,8,Rio Bonito,0.0,16.611019750502482,16/04/2020
708,8,Rio Claro,0.0,0.0,16/04/2020
709,8,Rio das Flores,0.0,10.771219302024988,16/04/2020
710,8,Rio das Ostras,1.3273690218617678,15.928428262341214,16/04/2020
711,8,Rio de Janeiro,7.3821574742186336,52.86577287988828,16/04/2020
712,8,Santa Maria Madalena,0.0,0.0,16/04/2020
713,8,Santo Antônio de Pádua,2.354104380988253,2.354104380988253,16/04/2020
714,8,São Francisco de Itabapoana,0.0,4.73877502665561,16/04/2020
715,8,São Fidélis,0.0,7.758152525278647,16/04/2020
716,8,São Gonçalo,0.36871830750922485,10.877190071522135,16/04/2020
717,8,São João da Barra,0.0,2.769929643787048,16/04/2020
718,8,São João de Meriti,3.1752348615385917,22.226644030770142,16/04/2020
719,8,São José de Ubá,0.0,0.0,16/04/2020
720,8,São José do Vale do Rio Preto,0.0,0.0,16/04/2020
721,8,São Pedro da Aldeia,0.0,10.528733871894023,16/04/2020
722,8,São Sebastião do Alto,0.0,0.0,16/04/2020
723,8,Sapucaia,0.0,16.458196181698487,16/04/2020
724,8,Saquarema,0.0,5.6072670180554,16/04/2020
725,8,Seropédica,0.0,4.859558752065312,16/04/2020
726,8,Silva Jardim,0.0,0.0,16/04/2020
727,8,Sumidouro,0.0,6.400819304871024,16/04/2020
728,8,Tanguá,0.0,26.23218397505028,16/04/2020
729,8,Teresópolis,0.547663121460727,13.143914915057449,16/04/2020
730,8,Trajano de Moraes,0.0,0.0,16/04/2020
731,8,Três Rios,0.0,6.112170554007139,16/04/2020
732,8,Valença,0.0,5.227186597493564,16/04/2020
733,8,Varre-Sai,0.0,0.0,16/04/2020
734,8,Vassouras,0.0,0.0,16/04/2020
735,8,Volta Redonda,1.4651370635722971,55.67520841574729,16/04/2020
